id,name,surname,password,email,phone,birthDate
1,Drusy,Reignould,k474<X'T!c_Cv2}V,dreignould0@time.com,2377511644,1975-04-30 00:00:00
2,Felix,Josowitz,x032P1RR+PME82,fjosowitz1@cnn.com,2572132344,2009-03-28 00:00:00
3,Robin,Burkitt,g9962uDpIF,rburkitt2@weibo.com,4497648552,1976-07-17 00:00:00
4,Carlo,Cotterrill,t428bptB0\~,ccotterrill3@chronoengine.com,7363218581,1999-02-10 00:00:00
5,Clywd,Ville,g1464N/}dkf7_S$,cville4@pinterest.com,9103361282,1970-09-11 00:00:00
6,Gaspar,Hubbard,j322DZ|g,ghubbard5@nba.com,4472268101,1977-03-27 00:00:00
7,Turner,Marke,"l065dJ""))'G",tmarke6@tamu.edu,8332699028,1987-05-27 00:00:00
8,Geneva,Layne,k634ni1q.XP,glayne7@quantcast.com,2124839602,1993-03-05 00:00:00
9,Lemar,Yerill,w037%i}p,lyerill8@time.com,9614244838,1974-11-20 00:00:00
10,Pacorro,Raulin,d743dOua_,praulin9@mtv.com,6766571076,1978-10-19 00:00:00
11,Tansy,Petrashkov,y155oLWcN}0}{q%j,tpetrashkova@feedburner.com,1056842272,1998-07-31 00:00:00
12,Thoma,Foxall,s113@x59Za=,tfoxallb@tiny.cc,2954704500,1985-04-29 00:00:00
13,Inessa,Maywood,p139D!qjA,imaywoodc@phoca.cz,6554933578,1979-10-02 00:00:00
14,Barbara-anne,Gredden,a3940xFN_9pw,bgreddend@oaic.gov.au,7559211248,1995-02-26 00:00:00
15,Ruben,Orable,v351{5{X=EEKj&{4,rorablee@cbsnews.com,1863690084,2004-09-12 00:00:00
16,Lemmie,de Villier,y112QsjYgdq\eQwk,ldevillierf@skyrock.com,1025745907,1994-10-17 00:00:00
17,Kamilah,Statter,g555wun*RN,kstatterg@psu.edu,3003395758,1996-07-05 00:00:00
18,Briant,St Clair,s974f0d&U~gVyo,bstclairh@fotki.com,6699092044,1988-07-05 00:00:00
19,Benito,Kroin,p8189$$bzu&,bkroini@ed.gov,8452749491,1984-09-21 00:00:00
20,Trenna,Pitt,i058*5@/{q,tpittj@mtv.com,8326503381,2006-12-29 00:00:00
21,Tove,Hutchings,q851UppWpTUB4>>.,thutchingsk@edublogs.org,3796047596,1977-08-27 00:00:00
22,Alyda,Yokley,p488?NEl<%loaF5,ayokleyl@rambler.ru,8769206199,2010-03-08 00:00:00
23,Stacy,Biddell,c555ny&lZ,sbiddellm@msu.edu,2313172018,1986-03-19 00:00:00
24,Thomasina,Boecke,s568?9L6kn,tboecken@psu.edu,7311837299,2002-05-11 00:00:00
25,Madalena,Lansdale,f548AcNbr}rI,mlansdaleo@pcworld.com,4683472545,1972-03-07 00:00:00
26,Westbrooke,Carah,a579r=(@RrHh,wcarahp@cisco.com,8139279556,1989-12-29 00:00:00
27,Elonore,Label,g098/myawyiGAgm,elabelq@51.la,6151536726,1972-02-12 00:00:00
28,Taffy,Ffrench,"d567H!*#2lF,<h9",tffrenchr@slashdot.org,1098261494,1980-11-27 00:00:00
29,Vic,Cowpertwait,m020/vLx,vcowpertwaits@sohu.com,5454425088,1974-09-04 00:00:00
30,Shannan,Barnham,c452_YlkPh,sbarnhamt@friendfeed.com,2295267224,1970-06-24 00:00:00
31,Tana,Laraway,g682z}az*HSO6D,tlarawayu@senate.gov,9045879575,2007-07-31 00:00:00
32,Kristina,Zieme,u290$(_Uf,kziemev@pcworld.com,7983078687,1984-02-02 00:00:00
33,Salome,Fayerman,l463oCHUQJ>cp!,sfayermanw@merriam-webster.com,1546510331,1974-03-09 00:00:00
34,Rowe,Chupin,d604ZLFByLuw,rchupinx@nhs.uk,6811998230,1978-03-28 00:00:00
35,Joceline,Goodwin,c5627l*`,jgoodwiny@artisteer.com,8815125535,2006-10-22 00:00:00
36,Hector,Nickels,f326$iF<SEC?d|,hnickelsz@google.com.au,4209023016,1982-09-29 00:00:00
37,Xymenes,Tertre,c8544g1w@*(/{*R,xtertre10@spotify.com,6136208220,1983-09-20 00:00:00
38,Nicola,Ferenc,e544@r$5x,nferenc11@etsy.com,9688208632,1974-01-11 00:00:00
39,Ingeborg,Skalls,c535tR{q39xaxBX,iskalls12@globo.com,6746753487,1983-06-08 00:00:00
40,Ferdy,Guerreau,g863+e+PbjhnM,fguerreau13@sciencedirect.com,7987053140,1979-08-02 00:00:00
41,Robbyn,Dumpleton,"w5732Sks,8o&i!",rdumpleton14@sakura.ne.jp,3265649892,1991-06-01 00:00:00
42,Mercie,Gwynne,"a563#0'x"",""",mgwynne15@utexas.edu,6821670905,1989-11-06 00:00:00
43,Beniamino,Gowan,q623g@Z3L!,bgowan16@columbia.edu,9355809660,1971-01-01 00:00:00
44,Brietta,Earles,m758IXG+,bearles17@usnews.com,8171397036,1998-12-25 00:00:00
45,Von,Reichelt,x173ptsPnRR,vreichelt18@homestead.com,2457446735,2003-07-20 00:00:00
46,Burton,Hassur,z8377wm\{P7<|,bhassur19@bing.com,4756928682,1983-05-18 00:00:00
47,Rosmunda,Lecount,"i312W,m&uM""g7",rlecount1a@smugmug.com,8393334654,1985-05-03 00:00:00
48,Kalina,Kynnd,g692V\iD$sGu,kkynnd1b@bluehost.com,9254616021,1986-08-27 00:00:00
49,Shea,Dedam,c828)L4H5egYg#,sdedam1c@icio.us,9456744283,2010-10-30 00:00:00
50,Christyna,Pyburn,"f653~fWG&mKfPK""",cpyburn1d@oakley.com,6083747239,1991-02-12 00:00:00
51,Gates,Creebo,d375OoU5m,gcreebo1e@biglobe.ne.jp,1964319061,2006-07-02 00:00:00
52,Stacy,Ahrenius,f522xx4(OC,sahrenius1f@quantcast.com,4629812141,1994-12-18 00:00:00
53,Carolan,Kindell,j729mjup9/B6,ckindell1g@marketwatch.com,6158205763,1987-02-16 00:00:00
54,Joachim,Duiged,"i250=.7,v!h",jduiged1h@boston.com,1629222645,1975-11-11 00:00:00
55,Ania,Toma,s531TV(GUnl2,atoma1i@businesswire.com,9636768322,1990-12-20 00:00:00
56,Jameson,Glading,m972wejbBED,jglading1j@abc.net.au,6131648649,1988-01-22 00:00:00
57,Rowena,Godmar,r052TAB+xpfm(,rgodmar1k@aol.com,1386569554,1993-12-25 00:00:00
58,Hayley,Still,p496h2HutP,hstill1l@ucsd.edu,9812326062,2010-03-10 00:00:00
59,Tobe,Wyness,i5557<DOF,twyness1m@amazon.co.jp,3795942926,2000-10-29 00:00:00
60,Kinsley,Alebrooke,o511aWy&h!@jm,kalebrooke1n@furl.net,3155037333,2000-10-23 00:00:00
61,Gwen,Geraldez,r390pNWm#GNB97.,ggeraldez1o@tiny.cc,2078139366,1990-04-26 00:00:00
62,Mahmoud,Troup,w554GZyXP/!l{+,mtroup1p@privacy.gov.au,4054229043,1981-10-09 00:00:00
63,Ferdinande,Traviss,j722`OSW?S,ftraviss1q@dyndns.org,2772266758,1992-01-07 00:00:00
64,Richmond,Pountain,w315!b5K\&V\pP,rpountain1r@indiegogo.com,2853479195,1979-12-05 00:00:00
65,Agatha,Attride,z3757/!!m8,aattride1s@posterous.com,9103094726,1984-08-09 00:00:00
66,Eadie,Detoc,n711GP>G,edetoc1t@nyu.edu,9767743468,1999-02-16 00:00:00
67,Valerie,Falla,v285Csl5,vfalla1u@whitehouse.gov,9827776333,1990-05-11 00:00:00
68,Susi,Bagnall,e288>L0&(q9`,sbagnall1v@squarespace.com,3021820980,1994-07-24 00:00:00
69,Tatiana,Tuohy,e662B}H8#Xyt,ttuohy1w@sohu.com,1591464030,1984-08-16 00:00:00
70,Hilda,Oldknow,b189L`Q?SBhko,holdknow1x@guardian.co.uk,6193964856,1971-01-14 00:00:00
71,Reese,Arnal,b131g2kSEs`.KY3E,rarnal1y@barnesandnoble.com,2512929578,1992-07-06 00:00:00
72,Jorey,Wohler,j399uTWMPCG$sL>,jwohler1z@elpais.com,9486004614,2006-02-13 00:00:00
73,Pauly,Newband,j552xL`jYC,pnewband20@apache.org,6622304594,1989-07-06 00:00:00
74,Esteban,Freezor,"n065y)NZ{.#|""/_$",efreezor21@gnu.org,9067169075,2008-03-22 00:00:00
75,Audrey,Ingerfield,q467I5ee/OlD%xN,aingerfield22@ustream.tv,3139885611,2010-04-19 00:00:00
76,Elia,Sesser,v931XTWe%nK{W.3q,esesser23@tuttocitta.it,8867490982,1996-04-16 00:00:00
77,Byron,Philcox,c390(CLLt,bphilcox24@europa.eu,7758183410,1976-02-17 00:00:00
78,Allyce,Bastiman,n449N}y6+/Eo.*,abastiman25@rediff.com,8848437564,2006-01-16 00:00:00
79,Corbet,Scopes,t817H?5hA~!q1I,cscopes26@reuters.com,2081087798,2006-06-05 00:00:00
80,Gerome,Happs,"e062~h@i~Z,0S",ghapps27@dedecms.com,5837064551,1976-02-26 00:00:00
81,Jaymee,Redwall,f383i>V{,jredwall28@shop-pro.jp,9169405890,1980-03-25 00:00:00
82,Francklin,Bowlas,x425x(O$3+,fbowlas29@economist.com,2061127133,1975-12-30 00:00:00
83,Binny,Bold,z511Yvt9soFcJ/H3,bbold2a@techcrunch.com,7322598326,1996-12-02 00:00:00
84,Thalia,Trumpeter,o831~P`O,ttrumpeter2b@ycombinator.com,8498828005,1990-04-08 00:00:00
85,Cherin,Bundock,i429y3j`7R9y}1,cbundock2c@blogs.com,8633581952,1979-11-14 00:00:00
86,Kary,Delooze,i240YDKCl#,kdelooze2d@cocolog-nifty.com,2868220345,2007-12-27 00:00:00
87,Lexine,Jozwik,a133/Kzi9p,ljozwik2e@sciencedirect.com,3521821569,1975-06-17 00:00:00
88,Phyllys,Burnel,"d249""`RWOJ",pburnel2f@craigslist.org,7302760529,1981-07-13 00:00:00
89,Arther,Grannell,p662U!i9nx<8.x,agrannell2g@people.com.cn,6075473712,1997-07-13 00:00:00
90,Chickie,Blackey,x928_&%C!yM,cblackey2h@census.gov,8117700378,1986-06-24 00:00:00
91,Patricia,Brave,p009n{9oHg@,pbrave2i@amazon.com,4209952256,1985-08-07 00:00:00
92,Gill,Larciere,p932*(kgcMiGE/$/,glarciere2j@instagram.com,4878417952,1980-05-12 00:00:00
93,Devlin,Roberds,w459(p9KpMyTiA~,droberds2k@statcounter.com,3627802295,2007-03-31 00:00:00
94,Olivie,Maybey,g8362?54<Oh_,omaybey2l@e-recht24.de,4578977606,1988-09-25 00:00:00
95,Aron,Yven,q094a(Nc@lZ#2,ayven2m@nasa.gov,7884300118,2010-01-20 00:00:00
96,Shawna,Heinel,v023aL%qnh,sheinel2n@apache.org,7528191488,1971-11-28 00:00:00
97,Martyn,Thurlby,q019c`d1JLz*&~Jb,mthurlby2o@ezinearticles.com,2534123024,1975-11-03 00:00:00
98,Sheffie,Rudland,h142%`}(VNU*<&LS,srudland2p@ameblo.jp,5823793343,1987-06-15 00:00:00
99,Abra,Lebbern,e06461xQ9AiupD~,alebbern2q@tinyurl.com,9697884099,2006-02-17 00:00:00
100,Kristo,Rizon,"v315_8./LS,",krizon2r@webeden.co.uk,6762289154,1997-02-08 00:00:00
101,Husein,Rahl,o063B!?Fxc_,hrahl2s@cbsnews.com,9162436444,1992-09-03 00:00:00
102,Dewey,Longina,w419Wb#_l_)aC{,dlongina2t@theguardian.com,2728299025,1994-09-25 00:00:00
103,Jocko,Lonsdale,j801qB+$OY`,jlonsdale2u@rambler.ru,1615115465,1988-12-25 00:00:00
104,Emmey,Luxford,w230rNz)}d?@cMb,eluxford2v@archive.org,6119557450,1988-03-11 00:00:00
105,Konrad,Eastridge,a284L3?s,keastridge2w@behance.net,9343867196,1978-02-08 00:00:00
106,Raff,Gaylard,r174Z~5|*o@_Ka,rgaylard2x@a8.net,7296757362,1992-08-21 00:00:00
107,Emyle,Freen,y507lydU,efreen2y@godaddy.com,3375186276,1997-12-08 00:00:00
108,Donella,O'Sheilds,m094R2j{((Ldf,dosheilds2z@epa.gov,8371858821,1974-08-18 00:00:00
109,Morganne,Newbury,z765@a?2f,mnewbury30@techcrunch.com,3149159150,2003-11-13 00:00:00
110,Mela,Frickey,z021ttly&k_m51I,mfrickey31@feedburner.com,5755242955,2003-03-31 00:00:00
111,Heath,Kyne,y301H1p4p@,hkyne32@cyberchimps.com,9027094005,1986-11-11 00:00:00
112,Stevy,Minet,o2302|xj!Xjm,sminet33@japanpost.jp,6622129985,2005-09-19 00:00:00
113,Kali,Cowthart,s115664jtfuM`6d,kcowthart34@google.com.au,9955011163,1981-12-03 00:00:00
114,Thedric,Waring,o422=/*`y`npK2kY,twaring35@java.com,4023855826,1979-04-13 00:00:00
115,Darlleen,Balderson,t756.rAohCm,dbalderson36@google.ca,2335125061,1976-11-12 00:00:00
116,Cecelia,Kill,"s171M"">hSF6Q0DS&",ckill37@chron.com,7221241025,1997-02-18 00:00:00
117,Rosalinda,Renad,j4351c~\O5@,rrenad38@blogspot.com,9484702693,1973-04-19 00:00:00
118,Massimiliano,Berndtssen,k854$8KdY>hXw,mberndtssen39@sun.com,3706007007,1974-03-04 00:00:00
119,Janina,Kliemann,b268Qg5t,jkliemann3a@eepurl.com,6689171331,1983-11-10 00:00:00
120,Terry,Windham,z846'|f88Z<0,twindham3b@yellowpages.com,9101684978,1973-10-05 00:00:00
121,Sascha,Crossan,x8712vQ8}/,scrossan3c@dmoz.org,9345762824,1977-09-13 00:00:00
122,Eal,Backsal,r192Mg8F56*o,ebacksal3d@census.gov,1757523120,1981-04-02 00:00:00
123,Bridgette,Purdey,v598k@sh_'wsP,bpurdey3e@gov.uk,3296107505,1975-08-20 00:00:00
124,Linell,Fairbank,i553e'WOQ,lfairbank3f@discuz.net,9317167952,2006-01-28 00:00:00
125,Base,Pegram,v713@.oGw0\+'|_8,bpegram3g@spiegel.de,2782244722,1979-10-29 00:00:00
126,Arch,Guilliatt,"p092E)|R,.j",aguilliatt3h@nydailynews.com,3627939509,1994-06-23 00:00:00
127,Bartlett,Calf,i8676n5qZ,bcalf3i@disqus.com,8852565175,1998-08-20 00:00:00
128,Linnea,Lepoidevin,h825aM`0,llepoidevin3j@imageshack.us,2658270667,1982-09-29 00:00:00
129,Marti,Cramond,y028~r97Ppin7?,mcramond3k@1und1.de,4334375889,1982-06-02 00:00:00
130,Merwyn,Kornas,f393EI@7E\=>|EeV,mkornas3l@sitemeter.com,1763030507,1995-08-26 00:00:00
131,Mar,Pollard,d959MN1'5,mpollard3m@jimdo.com,1189034468,1972-07-22 00:00:00
132,Cyrill,Inge,s041>mCVFZ,cinge3n@uol.com.br,1755076390,2000-09-11 00:00:00
133,Shani,Creany,p828GC(F~wp,screany3o@cmu.edu,1789151959,2003-02-02 00:00:00
134,Philbert,Juppe,e312ZhSVu!.1G60m,pjuppe3p@github.io,3016846139,1976-04-03 00:00:00
135,Lelah,Crinion,h031Qj)W/nnQG~,lcrinion3q@imgur.com,7029625257,1975-01-20 00:00:00
136,Norrie,Gyurkovics,e303J*tbam3JOHek,ngyurkovics3r@epa.gov,9413257075,1982-03-30 00:00:00
137,Roxanne,Stebbins,c561_M7ou,rstebbins3s@sun.com,1236024275,1970-03-24 00:00:00
138,Edik,Rutland,h444/v$edkT,erutland3t@wix.com,8374731384,2008-08-07 00:00:00
139,Cleopatra,MacAleese,"u359N=*,mf}WD7zE",cmacaleese3u@ox.ac.uk,4882157230,1992-02-12 00:00:00
140,Derby,Van der Hoven,c049C$MoZ!=q,dvanderhoven3v@desdev.cn,5762526298,1996-03-13 00:00:00
141,Colman,Twallin,s327Udj{|+t|M0,ctwallin3w@sfgate.com,4258659418,1979-03-03 00:00:00
142,Blondelle,Kindle,k715o>s{ny5@,bkindle3x@360.cn,6315819912,2002-07-11 00:00:00
143,Thorndike,Hazell,g506k<aT>@?e44,thazell3y@mediafire.com,3903685317,2005-10-17 00:00:00
144,Zitella,Barta,x735ph|Cl4,zbarta3z@amazon.co.uk,6552847871,1984-03-31 00:00:00
145,Madelin,Carlino,l116yr<DwN?*z,mcarlino40@dyndns.org,1908901642,1997-12-07 00:00:00
146,Taddeo,Wilkerson,i852rbo\,twilkerson41@sitemeter.com,6943575015,2007-02-08 00:00:00
147,Bobine,Haxley,h818t)Ds?vb,bhaxley42@hud.gov,6064713857,1999-01-05 00:00:00
148,Marrilee,Hancell,"i8230,40dc",mhancell43@home.pl,5551707802,2001-05-29 00:00:00
149,Donavon,Dorrins,m544<sLZUW4nyWL,ddorrins44@discovery.com,2051324724,1973-07-14 00:00:00
150,Cybil,Duffan,i837KJj}\paLY&PC,cduffan45@blogspot.com,4526712970,1990-08-07 00:00:00
151,Ruby,Sagerson,"o508Yi""%l}K",rsagerson46@cdc.gov,6969367893,1976-09-05 00:00:00
152,Staffard,Moulsdale,z766hA><<),smoulsdale47@jalbum.net,8785536834,1978-10-15 00:00:00
153,Gui,Warren,b402%_}i,gwarren48@princeton.edu,6136370814,1982-07-24 00:00:00
154,Ester,Pescud,y361e/xgqBAD$37Y,epescud49@hud.gov,6742113061,1985-04-08 00:00:00
155,Langston,Carr,e628a*}oG~8,lcarr4a@tinypic.com,9142571769,1999-09-24 00:00:00
156,Roley,Iggo,s666{rZsX9dx((,riggo4b@businessweek.com,2693569930,2004-11-30 00:00:00
157,Melisande,Giriardelli,u9303zBHZd#H\aOu,mgiriardelli4c@newsvine.com,6132034011,1996-07-27 00:00:00
158,Nita,Menco,g135#EIovn6Le,nmenco4d@macromedia.com,3011965533,2004-11-17 00:00:00
159,Wakefield,Gammage,y644wWzo,wgammage4e@columbia.edu,5495960650,1974-10-07 00:00:00
160,Conway,Haverson,"n884xtF~,ST4c+&",chaverson4f@4shared.com,8913285855,1977-07-02 00:00:00
161,Caz,Got,p944}`u=1r||PHkM,cgot4g@mozilla.org,3987164316,1984-09-29 00:00:00
162,Chrissy,Godspeede,a511C*&|!?5+0?)l,cgodspeede4h@imgur.com,2024132167,1989-06-03 00:00:00
163,Colline,Caren,"g2652,txU4LAD.N&",ccaren4i@multiply.com,6903219351,1992-04-28 00:00:00
164,Reinold,Pibsworth,"s2099`SH,qK3F#<v",rpibsworth4j@google.com.au,6659449464,1971-01-31 00:00:00
165,Celestine,Haryngton,t719Iyi><2f{f,charyngton4k@pbs.org,4828429688,1972-02-20 00:00:00
166,Merle,Maffioni,t120wdq9\b$,mmaffioni4l@google.pl,4364456640,1976-12-12 00:00:00
167,Samson,Sherebrooke,d357P7Obs6SR*p,ssherebrooke4m@youku.com,9522311535,1995-05-27 00:00:00
168,Mareah,Pettiford,j275=i.p33KB,mpettiford4n@jugem.jp,3855899034,2003-09-16 00:00:00
169,Hugo,Eilles,j223A/na',heilles4o@bravesites.com,4465819911,1998-07-12 00:00:00
170,Yvette,Bottoner,l935mp$M,ybottoner4p@state.tx.us,2539128689,1980-08-29 00:00:00
171,Loralee,Chatteris,n920qYDlh~G,lchatteris4q@mit.edu,8467488365,1989-11-30 00:00:00
172,Sosanna,Truggian,o874}6I|L,struggian4r@comcast.net,3966413505,2006-05-22 00:00:00
173,Gwendolyn,Derrett,y902pg+dS,gderrett4s@discovery.com,8494660094,1984-01-26 00:00:00
174,Sidnee,Neubigin,s432z&'b$,sneubigin4t@princeton.edu,6725155139,1993-10-15 00:00:00
175,Evaleen,Greensides,d272(J#Cxj=c,egreensides4u@aol.com,1037757659,1970-03-14 00:00:00
176,Jyoti,Vinker,y630nagM,jvinker4v@umn.edu,1464662932,1997-06-04 00:00:00
177,Jyoti,Pomfrey,u732YzjaIJBu`O,jpomfrey4w@prlog.org,1076271704,1970-06-30 00:00:00
178,Rey,Pinchback,w876yuS_qqT,rpinchback4x@answers.com,9054427014,1972-09-01 00:00:00
179,Ker,Vanstone,d912dGMa#)+D=,kvanstone4y@pcworld.com,1131330707,1993-12-22 00:00:00
180,Edwina,Tipton,a318V7RVVBG,etipton4z@soundcloud.com,3356400865,2009-08-07 00:00:00
181,Eadie,Cradoc,u175zw/H*2lK,ecradoc50@chron.com,1347444676,1982-04-21 00:00:00
182,Caroljean,Goodacre,g7727NeWhnHmhe2L,cgoodacre51@census.gov,5326616417,2005-01-13 00:00:00
183,Dehlia,Caccavella,i809cXRjc,dcaccavella52@nps.gov,3234878416,1971-12-10 00:00:00
184,Hayes,Breton,g6885#$8unYi4@,hbreton53@paypal.com,5586142406,1974-06-03 00:00:00
185,Dalenna,Persence,"g692(,x&fNO",dpersence54@mashable.com,5813384571,2004-07-16 00:00:00
186,Jacky,Whitham,k245+myrd,jwhitham55@economist.com,3482291612,1972-11-16 00:00:00
187,Kalinda,Gittis,w9992H(d,kgittis56@umich.edu,5095816736,1972-07-28 00:00:00
188,Selie,O'Clery,l938H@1(,soclery57@mashable.com,3025384101,2002-11-15 00:00:00
189,Sinclair,Sproson,m536SNM7LQsr,ssproson58@cam.ac.uk,9363077984,1983-11-04 00:00:00
190,Joly,Vanshin,v9128kO)U$9emoi~,jvanshin59@devhub.com,5341380569,1971-07-02 00:00:00
191,Melicent,Curwood,s985#cAg8$,mcurwood5a@gravatar.com,8425528018,1972-07-06 00:00:00
192,Eleanore,Fort,g745if+ll,efort5b@discovery.com,1083428305,2003-10-06 00:00:00
193,Myranda,Vivash,o548QzGkCL`ngf,mvivash5c@taobao.com,2587032027,1989-02-02 00:00:00
194,Tedda,Basnett,w814|\5D{liy,tbasnett5d@salon.com,7298515901,1974-03-10 00:00:00
195,Edi,Snailham,e505g*/q,esnailham5e@is.gd,9955280764,2008-05-22 00:00:00
196,Jermaine,Cohan,c689|\ebH\t_a,jcohan5f@bizjournals.com,5195771370,1985-10-31 00:00:00
197,Madeline,Hutcheons,k105qu3Sy,mhutcheons5g@businessinsider.com,5149359597,1971-09-28 00:00:00
198,Benyamin,Vasenin,v504kH#IH@wI,bvasenin5h@marriott.com,5333886751,1977-09-04 00:00:00
199,Olympe,Nise,f887o2/|,onise5i@360.cn,1599387957,1977-11-12 00:00:00
200,Binky,Bulch,l119XmC|jKEa,bbulch5j@51.la,3511483941,1981-05-28 00:00:00
201,Charmine,Jankin,u866<u&@o2%i1,cjankin5k@walmart.com,1336843739,1989-09-22 00:00:00
202,Godard,Hambridge,n8388Ma7?,ghambridge5l@smh.com.au,9935117546,2006-02-14 00:00:00
203,Darline,Giraudot,z798l/+sR/j_|,dgiraudot5m@engadget.com,8496117437,1985-07-25 00:00:00
204,Theda,Peasegood,j162{T\=}xr,tpeasegood5n@cmu.edu,4977248221,1987-03-28 00:00:00
205,Maggi,Banfill,z6669%CP_1O0X9,mbanfill5o@walmart.com,9147385187,2007-01-13 00:00:00
206,Findlay,Nicholson,a627\)nr,fnicholson5p@imdb.com,9405414380,1985-08-18 00:00:00
207,Adaline,Flobert,m968EEWZXb0poE,aflobert5q@elpais.com,1779636548,1987-04-17 00:00:00
208,Kerry,Chaffe,f033m|vX(,kchaffe5r@ucoz.com,7237989015,2001-06-10 00:00:00
209,Florenza,Cavee,p6042nh6.,fcavee5s@techcrunch.com,3847371839,1974-05-24 00:00:00
210,Emlyn,Housbie,p383~%.~*9D,ehousbie5t@dagondesign.com,4801427653,1998-02-07 00:00:00
211,Alameda,Bilsland,w458U.{#N,abilsland5u@wikia.com,7741210265,2008-08-13 00:00:00
212,Douglass,Cahill,f169gR~Vu7,dcahill5v@histats.com,1412676263,2005-07-24 00:00:00
213,Pryce,Diego,a798w.<=S1of3,pdiego5w@yandex.ru,5199459838,1997-05-21 00:00:00
214,Farris,Doulden,l841au&#w,fdoulden5x@i2i.jp,6563464667,1988-05-28 00:00:00
215,Thedric,Delouch,"j219~\Uy""kQ03}",tdelouch5y@ibm.com,1628105571,1982-04-28 00:00:00
216,Kamillah,Klimochkin,p018dFh{8h!sJjQ,kklimochkin5z@stanford.edu,8791093463,2002-10-14 00:00:00
217,Gasper,Silliman,d654@{1g=,gsilliman60@noaa.gov,7648678675,1999-12-18 00:00:00
218,Jocelyne,Fluit,a542tjae4Ms?,jfluit61@delicious.com,5656170040,1990-04-05 00:00:00
219,Bebe,Pickance,a690~&t}~Mx,bpickance62@scientificamerican.com,4516370677,2000-04-14 00:00:00
220,Ranna,Maureen,a453HJX`Cs@S6_,rmaureen63@huffingtonpost.com,2194406854,1995-03-06 00:00:00
221,Heddi,Nurden,c038_oF\WqLvi!,hnurden64@gizmodo.com,3743692904,2007-07-13 00:00:00
222,Vere,Clowsley,h241y'EIWC3,vclowsley65@i2i.jp,6347196829,1988-11-14 00:00:00
223,Pacorro,Danielovitch,t517%I{crw1Nb,pdanielovitch66@google.com,9542867339,1976-08-20 00:00:00
224,Gertrude,Wagen,d158tf=@KLS+ziw/,gwagen67@amazon.com,5911512556,2009-06-26 00:00:00
225,Ada,Cleugh,r532Rb0PoL8,acleugh68@ow.ly,6306716413,2004-07-21 00:00:00
226,Gianina,Cahillane,u447?R4<=,gcahillane69@businessinsider.com,2746693390,2008-01-08 00:00:00
227,Giovanna,Jirusek,c3714$*s$U5,gjirusek6a@ucoz.ru,2455940443,1978-12-05 00:00:00
228,Carlee,Pinner,l133Q%f&xC,cpinner6b@ucoz.com,3501299722,2006-03-01 00:00:00
229,Dominik,Purchase,a569Y+/Hz,dpurchase6c@chicagotribune.com,9546670531,1995-06-03 00:00:00
230,Gale,Brymner,t963Ur{w!x,gbrymner6d@deviantart.com,4044397291,2005-12-29 00:00:00
231,Lemar,Lealle,h920e5O?TH9,llealle6e@springer.com,7095581124,1995-06-24 00:00:00
232,Adelice,Longthorn,v157%Gk$h6,alongthorn6f@ftc.gov,1152276707,1977-10-06 00:00:00
233,Lynette,Oldam,"n346""nukF",loldam6g@cam.ac.uk,1809466404,1992-12-20 00:00:00
234,Addy,Libreros,s494>d0*3TKWCXI,alibreros6h@nsw.gov.au,5655944711,1991-08-28 00:00:00
235,Brose,Beiderbeck,j504EfRttvq!_,bbeiderbeck6i@joomla.org,1222275242,2002-07-31 00:00:00
236,Harlie,Wren,"a635'!""@o?4a",hwren6j@wisc.edu,8165732527,1983-05-07 00:00:00
237,Joelynn,Staziker,d904vu`~v=,jstaziker6k@si.edu,6685261685,2008-12-15 00:00:00
238,Farica,Reddlesden,m807jG&53#k,freddlesden6l@pcworld.com,1977058812,1977-05-27 00:00:00
239,Prince,Dendon,h461cyjC,pdendon6m@symantec.com,5569557852,1982-03-15 00:00:00
240,Joshuah,Elliston,l398E`7whMZ1E)~,jelliston6n@typepad.com,9331389368,2005-11-20 00:00:00
241,Roderigo,Selman,n133.WY)W,rselman6o@ox.ac.uk,2758087662,1997-04-30 00:00:00
242,Miltie,Wilton,s031eXtZR,mwilton6p@feedburner.com,8424361680,1973-04-24 00:00:00
243,Alidia,Whitton,l125~suXRlF,awhitton6q@flavors.me,7571687184,2008-10-11 00:00:00
244,Aviva,Kehri,w670|%9@Ta,akehri6r@npr.org,2678030660,1971-10-21 00:00:00
245,Natalie,Dragge,"g1400,.oIK",ndragge6s@msn.com,2586681038,1989-02-16 00:00:00
246,Ivett,Boffey,c985.BlGwUEdyc,iboffey6t@technorati.com,9396853310,1986-07-09 00:00:00
247,Carlyle,Brawn,p079YZL/y,cbrawn6u@goo.ne.jp,8611439248,1978-11-02 00:00:00
248,Jasun,Delacour,o307b1k#0hqCLS!~,jdelacour6v@miibeian.gov.cn,9078624785,1971-04-20 00:00:00
249,Daniella,Sherrett,k928R8Ac(pOU(~VP,dsherrett6w@bloglovin.com,7901135448,2000-08-22 00:00:00
250,Aubrie,Orneblow,c120=>GO%QR~(5q,aorneblow6x@auda.org.au,7174114899,2007-09-04 00:00:00
251,Joelly,Wessel,y1023Ve@Zf8vj,jwessel6y@nhs.uk,3403492123,2008-01-30 00:00:00
252,Boony,Sivess,z707rnY0zV,bsivess6z@macromedia.com,9904347716,2002-02-08 00:00:00
253,Cosmo,Yakob,z057cA3/R(jv'2,cyakob70@google.es,4721550167,1993-04-16 00:00:00
254,Nels,Goom,"p143&ZN\r,ljT}",ngoom71@sun.com,8153073737,1992-03-16 00:00:00
255,Gennie,Klebes,"x657""*{(ft?",gklebes72@skyrock.com,9099395184,1997-09-21 00:00:00
256,Lida,Tunkin,w55640HV})E&ZpVq,ltunkin73@fema.gov,5389939851,1987-05-25 00:00:00
257,Vidovik,Bourgourd,y532C&Nn4.,vbourgourd74@github.io,3125443243,1985-11-14 00:00:00
258,Dirk,Dunnet,i2661S+ff|BU4u{f,ddunnet75@merriam-webster.com,9415464277,1996-09-14 00:00:00
259,West,Sconce,u604lUAPDnm,wsconce76@wp.com,9335260134,1986-09-27 00:00:00
260,Nomi,Raftery,h137V)yD1``RA,nraftery77@adobe.com,5071724411,1985-02-22 00:00:00
261,Hadlee,Ewell,v779<pN2Um,hewell78@wp.com,4959863361,2007-07-05 00:00:00
262,Lissy,Bande,g620es=jnZC+W/,lbande79@163.com,3819600689,1995-08-14 00:00:00
263,Ransom,Binfield,y825C'_=e`8,rbinfield7a@shinystat.com,8951630956,1995-06-27 00:00:00
264,Tamara,Loffill,j739MR%'`JWyay},tloffill7b@feedburner.com,1982959438,2007-11-30 00:00:00
265,Gelya,Pariss,z570khm#,gpariss7c@mac.com,3569315692,1987-08-28 00:00:00
266,Teodor,Warrener,l125fF(8+'ro>gT,twarrener7d@marriott.com,6535155996,1976-01-17 00:00:00
267,Lelia,Ollerhad,z099@#e$@,lollerhad7e@xinhuanet.com,4792488396,2010-01-17 00:00:00
268,Salaidh,Shuard,q556xG(mawei#L)+,sshuard7f@last.fm,1917964501,1999-03-14 00:00:00
269,Thaine,Pendlebury,w038RR3XmLl$,tpendlebury7g@networkadvertising.org,1209168469,1986-03-03 00:00:00
270,Phylys,Kave,y864CY|1Ql4u{,pkave7h@vk.com,8008965232,1986-04-22 00:00:00
271,Abrahan,O'Mannion,"b529Y~Qu._6m|4,W",aomannion7i@desdev.cn,5153341433,2001-10-07 00:00:00
272,Roby,Spreckley,"g288+oX\""Lv",rspreckley7j@bizjournals.com,8064620467,2001-04-27 00:00:00
273,Guillaume,MacKim,a0078C\k),gmackim7k@newyorker.com,9856201232,1995-04-09 00:00:00
274,Correy,Bonellie,"s792c+5,y",cbonellie7l@slideshare.net,1465014772,1998-06-16 00:00:00
275,Antin,Brotherick,q855(pLna!?,abrotherick7m@ted.com,8995328165,1973-12-10 00:00:00
276,Rubia,Setter,e6467*bE8i,rsetter7n@networkadvertising.org,3986410926,1985-12-19 00:00:00
277,Austin,Gaytor,i722JCc@1}d?dSni,agaytor7o@accuweather.com,8952899862,1971-12-06 00:00:00
278,Maximilianus,Gatward,b529FL3@X+,mgatward7p@diigo.com,1613082508,1983-11-02 00:00:00
279,Andriana,Sapp,x1449@Xx,asapp7q@timesonline.co.uk,3212099262,2009-06-16 00:00:00
280,Shina,Ector,c024s+G'!slA{QK,sector7r@salon.com,7902261869,1994-05-09 00:00:00
281,Far,Pardon,"b606v""WMcp",fpardon7s@cdc.gov,7515921367,2005-04-01 00:00:00
282,Milena,Pohl,k454jw4w|\W?Zz,mpohl7t@google.pl,2685622785,1970-11-03 00:00:00
283,Calvin,Cansfield,d056%RAhq}'P9?X,ccansfield7u@engadget.com,8227028386,1989-07-13 00:00:00
284,Marshall,Muckersie,q670TyI&},mmuckersie7v@usatoday.com,5235856918,1996-04-14 00:00:00
285,Cheri,Whytock,a067&%%)LjQ?Ur|,cwhytock7w@stumbleupon.com,7296994607,1970-02-04 00:00:00
286,Torrence,Busen,h891.?Grcum7,tbusen7x@multiply.com,7486231556,1989-01-04 00:00:00
287,Jami,Robberts,p6171UKP5r6qV0P,jrobberts7y@yellowpages.com,6131972781,1989-01-15 00:00:00
288,Lucas,Ben,"n467""Aud",lben7z@amazon.co.uk,7317019839,2001-11-16 00:00:00
289,Carleton,Pitceathly,"n936C<6""Z",cpitceathly80@tamu.edu,4874355106,1975-08-01 00:00:00
290,Gan,Blaxall,m92652<W=f=,gblaxall81@economist.com,5922637944,1980-11-03 00:00:00
291,Melli,Boon,o450lv#!3GI7@5,mboon82@is.gd,5039200563,1994-03-26 00:00:00
292,Valenka,Dabourne,r808>a|X,vdabourne83@vk.com,8739899302,2003-10-28 00:00:00
293,Cori,Simic,i712a|Ii,csimic84@tripod.com,7917820332,1988-07-21 00:00:00
294,Gabbi,Domoni,i132Kq1#shdQk,gdomoni85@storify.com,2139552969,1988-12-13 00:00:00
295,Bamby,MacCurtain,"s093bG,x+wE=/",bmaccurtain86@drupal.org,7611184844,1990-11-25 00:00:00
296,Pall,Feldberger,z328Rcfn@PM*ABr>,pfeldberger87@de.vu,6119089465,1989-11-10 00:00:00
297,Lew,Shepheard,j3652am*\t4j9q,lshepheard88@columbia.edu,9452265144,1973-07-22 00:00:00
298,Harvey,Jandl,p909=uChKI+o1KXm,hjandl89@nhs.uk,3014917548,1995-11-19 00:00:00
299,Marsh,Uzielli,"m069wG>Um.i2""B/",muzielli8a@google.co.jp,3001378911,1991-05-25 00:00:00
300,Feliks,Perazzo,c244eC8_dGFC=,fperazzo8b@tamu.edu,5029621847,1979-12-14 00:00:00
301,Mead,Symcox,l2164FeEb_,msymcox8c@tripadvisor.com,4773236592,1977-05-12 00:00:00
302,Bernadina,Dack,j4764>EFAu.Hfo,bdack8d@upenn.edu,6963132593,1985-11-05 00:00:00
303,Nikolia,Callis,e586`k/6o.Nh(,ncallis8e@1688.com,2073552547,1992-08-05 00:00:00
304,Ermin,Fluin,j052yU!y)$zOey69,efluin8f@comsenz.com,8223158898,1992-02-02 00:00:00
305,Lotti,Reay,c051IOhQZ,lreay8g@examiner.com,7119133970,1970-12-19 00:00:00
306,Yolanda,Matyatin,v361=0oDU{oTI,ymatyatin8h@yale.edu,4103197513,1977-02-20 00:00:00
307,Wood,Warratt,f048zx_*yZz,wwarratt8i@sun.com,8064651934,2001-12-11 00:00:00
308,Sabine,Daysh,"o764""NR<5qLYJ",sdaysh8j@about.me,5252380955,1976-03-29 00:00:00
309,Rayner,Garrelts,r348xIc+,rgarrelts8k@sohu.com,9874106406,2007-08-15 00:00:00
310,Ardelle,Lauritsen,"z525(rH3""d3Eg",alauritsen8l@who.int,8778188285,1974-10-27 00:00:00
311,Flore,Toderi,a3330PB5ccR?0,ftoderi8m@about.me,1528452966,2010-08-18 00:00:00
312,Giffie,Halleday,m268._i51jN7k/p,ghalleday8n@yolasite.com,9655178520,1981-04-10 00:00:00
313,Shepard,Tome,"z728J,UP",stome8o@timesonline.co.uk,5611739836,1999-11-21 00:00:00
314,Constantina,Earley,n618<dZ`&RMx5q|,cearley8p@sourceforge.net,8224755861,1992-05-16 00:00:00
315,Karlee,Dallman,c359q<&ThGx,kdallman8q@apache.org,5888077541,1990-04-25 00:00:00
316,Glynda,Joy,"i018DY,R",gjoy8r@artisteer.com,3668064314,1986-03-29 00:00:00
317,Graig,Glamart,r6413T%xIXlEU8,gglamart8s@mediafire.com,7824724382,1997-10-04 00:00:00
318,El,Penk,s819'pmr`,epenk8t@tuttocitta.it,4728536646,1999-08-28 00:00:00
319,Peirce,Langford,t848'jlEzhV{VW,plangford8u@narod.ru,7336634947,1974-03-23 00:00:00
320,Niki,Thurby,"b849<\ZKD,",nthurby8v@scribd.com,4035580730,1986-01-19 00:00:00
321,Harmonie,Rillett,w6249Ethcj=~g.N,hrillett8w@eepurl.com,1905211587,1972-09-18 00:00:00
322,Chane,Rebichon,f5613a?5lBDsn,crebichon8x@skype.com,4115985015,1979-08-19 00:00:00
323,Adelaide,Marder,l137gD|dE,amarder8y@tripadvisor.com,5667538480,1977-01-13 00:00:00
324,Gayler,Blakeborough,c3845(?Hc)QiYn,gblakeborough8z@nymag.com,9307691719,2004-10-02 00:00:00
325,Charlean,Dominicacci,z233(}!jAz!Y,cdominicacci90@clickbank.net,5106467585,1995-08-19 00:00:00
326,Ripley,Grigoletti,k606q_|9MZX2)Z,rgrigoletti91@usatoday.com,7115724900,2001-09-19 00:00:00
327,Ellery,Saffer,"x9744Q#9|,+",esaffer92@bing.com,6186341005,1994-12-22 00:00:00
328,Brigida,Goodie,g487<|a!g'|@{#,bgoodie93@omniture.com,8134033568,2005-08-27 00:00:00
329,Evered,Roust,v600hbKj,eroust94@vk.com,1691357177,2002-11-08 00:00:00
330,Marian,O'Flynn,e246`VyTIP|,moflynn95@jiathis.com,8493939074,1979-10-22 00:00:00
331,Benedict,Hambridge,"n755_y09TQaIl""",bhambridge96@dot.gov,7937243647,1974-11-09 00:00:00
332,Lazare,Dumingos,c451mhl}PO_R`J,ldumingos97@discovery.com,2383391029,1999-11-27 00:00:00
333,Milka,Stoller,v43890(S74J80F,mstoller98@lycos.com,3744531067,1985-08-21 00:00:00
334,Rolland,Feander,x318>k2aHd$YrX,rfeander99@cbsnews.com,4119799666,1978-07-26 00:00:00
335,Yvonne,Simoneschi,q534#VIGf,ysimoneschi9a@moonfruit.com,5385400707,2010-08-04 00:00:00
336,Jordan,Benet,t793oRUM,jbenet9b@oakley.com,1933328615,1996-06-06 00:00:00
337,Kate,Sonley,z729O0!XwFW%g,ksonley9c@sitemeter.com,5003327483,2000-09-25 00:00:00
338,Elka,Pottes,t3566r~mS`BT,epottes9d@wiley.com,2077974083,1985-05-11 00:00:00
339,Gregorius,Brandom,v5916vw@=$BHe,gbrandom9e@blog.com,6118534078,1975-05-28 00:00:00
340,Perri,Harman,n677g@M?|kh6l',pharman9f@dell.com,3874085711,1979-07-03 00:00:00
341,Cindra,Marcam,y741Ukd0FY{{,cmarcam9g@mapquest.com,2939014005,1976-01-09 00:00:00
342,Karilynn,Pillinger,w185CUnZKc,kpillinger9h@accuweather.com,4186179478,2008-12-24 00:00:00
343,Francine,Pauluzzi,y046IyCs~XgBv9K,fpauluzzi9i@cpanel.net,9016388406,1983-04-04 00:00:00
344,Maurise,Collidge,m938sB7c,mcollidge9j@liveinternet.ru,5011339749,1998-02-05 00:00:00
345,Kristopher,Erdely,n907BbEl2~#+&J,kerdely9k@addtoany.com,7968247885,1990-11-01 00:00:00
346,Alta,Haswall,x507@7mXJ=I=4LxB,ahaswall9l@geocities.jp,4942317860,2009-04-03 00:00:00
347,Brandice,Print,u262/mJ_ES`GQH,bprint9m@icio.us,8168493032,1988-08-27 00:00:00
348,Victoir,McKelvie,h874'yWDj,vmckelvie9n@addtoany.com,1886100471,2006-02-15 00:00:00
349,Oriana,Grayston,n899*kZm,ograyston9o@washington.edu,4636806773,2010-01-20 00:00:00
350,Aloysius,Yakovlev,"u095Qn'},a",ayakovlev9p@amazon.co.uk,4118704488,2001-10-26 00:00:00
351,Lazaro,Faichney,n565~Z%!Os%GQ,lfaichney9q@tmall.com,4478699453,1995-05-10 00:00:00
352,Valaria,Agdahl,l9198KI}Y>p|Mw,vagdahl9r@1688.com,9871487610,1977-12-04 00:00:00
353,Cos,Gimbrett,u646pzy(,cgimbrett9s@desdev.cn,1109547464,1993-11-15 00:00:00
354,Ermentrude,Giraudy,"q441O""`Utz5S+Ve",egiraudy9t@sogou.com,8688375261,2007-03-24 00:00:00
355,Rog,Yackiminie,o741w#@>KuvYqNWo,ryackiminie9u@buzzfeed.com,5471157383,1982-08-22 00:00:00
356,Ted,Macer,y386\yQG_y02,tmacer9v@pbs.org,1505443785,2003-01-01 00:00:00
357,Walker,Fifoot,q782n8cxbr7o,wfifoot9w@apache.org,5536502996,1972-07-08 00:00:00
358,Brendin,Burrett,l721}``|w+1fYaC,bburrett9x@twitter.com,1925129116,2007-03-28 00:00:00
359,Emmey,MacGray,o092v!pQduX,emacgray9y@jigsy.com,4347402264,1996-02-01 00:00:00
360,Aymer,Wyldish,o773C8tDv>Ba2>',awyldish9z@fc2.com,4999960611,1982-02-04 00:00:00
361,Aguste,McFee,k632kkpH,amcfeea0@cpanel.net,3737448190,2005-09-06 00:00:00
362,Oralia,Keighly,r608Tv6g1J6t=OnC,okeighlya1@princeton.edu,2569753836,1983-01-08 00:00:00
363,Conan,Sheather,h4764!JI,csheathera2@vk.com,1192946177,1996-06-13 00:00:00
364,Thane,Heliar,g369wtdI=.WxMtTt,theliara3@canalblog.com,1295913793,1986-09-11 00:00:00
365,Noellyn,Mealand,y250j~nS,nmealanda4@desdev.cn,7717572837,2001-06-07 00:00:00
366,Wells,Coiley,f344L&u6Hs~?Rw81,wcoileya5@state.tx.us,9022097977,1990-09-25 00:00:00
367,Filberte,Creboe,l118%9fLYv$3Sq5z,fcreboea6@ft.com,1905074943,1983-01-04 00:00:00
368,Amalle,Gammade,"s200V("",sq,e",agammadea7@csmonitor.com,7087364873,2009-03-12 00:00:00
369,Catherin,Schimaschke,v640N?0KtKhT5F,cschimaschkea8@pagesperso-orange.fr,6879972034,1996-09-14 00:00:00
370,Ennis,Stebbin,v213UM.Mm,estebbina9@army.mil,8931299497,1985-09-19 00:00:00
371,Jessalyn,Males,p370OO{|D?),jmalesaa@sakura.ne.jp,8326792847,2000-09-27 00:00:00
372,Adore,Cornall,k948T_t01/T3MH,acornallab@booking.com,9995199562,1994-11-17 00:00:00
373,Erinn,Jandak,h860y7/*pi,ejandakac@gnu.org,7909523022,1987-05-02 00:00:00
374,Burl,Clibbery,p538/Co_f0T/@!,bclibberyad@quantcast.com,8846033962,1982-12-19 00:00:00
375,Michelle,Toohey,m883D~vQB3D,mtooheyae@slideshare.net,8208328288,1974-08-04 00:00:00
376,Irwinn,Law,n33815?k)?V9w_w,ilawaf@zdnet.com,1234899065,1988-06-07 00:00:00
377,Michal,MacElroy,p001Cj`P`7,mmacelroyag@miibeian.gov.cn,8218500418,2000-01-11 00:00:00
378,Lynnea,MacEntee,h885lmeAz,lmacenteeah@house.gov,5782700891,1992-05-05 00:00:00
379,Elbertina,Bergstram,y590Q}r`!@j,ebergstramai@acquirethisname.com,8132650311,1991-10-09 00:00:00
380,Phyllys,Minghi,a5368+GWUbE,pminghiaj@weather.com,1031125712,1998-05-11 00:00:00
381,Joanne,Bartol,v199M}Zq5z/L0{v=,jbartolak@miibeian.gov.cn,7158598506,1997-01-03 00:00:00
382,Cassey,Glossup,f645}HV'',cglossupal@squarespace.com,8359867314,1992-10-28 00:00:00
383,Ofilia,Node,q344YGe{~)T3_,onodeam@abc.net.au,2959063918,2007-03-31 00:00:00
384,Leonie,Soanes,z809GbMDY,lsoanesan@microsoft.com,1627319494,1981-04-16 00:00:00
385,Nefen,Spikeings,o103/wVy,nspikeingsao@a8.net,2895362156,1980-05-08 00:00:00
386,Gannon,Pickle,f138o=uIxsh0v,gpickleap@cbc.ca,5822734721,2002-02-02 00:00:00
387,Maxim,Adel,"s126&.G*=,7",madelaq@mashable.com,7231384978,2009-10-08 00:00:00
388,Jeramey,Cardno,c732Jte404EB9',jcardnoar@4shared.com,6409837439,1990-11-17 00:00:00
389,Jeanne,Skentelbery,v022CDS`xgS/4w,jskentelberyas@buzzfeed.com,7571196667,2009-12-25 00:00:00
390,Alford,Curreen,h343c~{ezb<0Ta.',acurreenat@reference.com,7244370683,1997-09-08 00:00:00
391,Angelina,Toft,o0427qi!R+B,atoftau@sciencedirect.com,1991203935,1978-01-28 00:00:00
392,Sophie,Rubury,e979r{bc}S>aO,sruburyav@topsy.com,3108421793,1977-07-03 00:00:00
393,Stafani,Piquard,y025o$OzqOm%,spiquardaw@go.com,3571411466,2000-11-21 00:00:00
394,Debbie,Coldtart,d301/8qlN>7e,dcoldtartax@china.com.cn,3516306561,2004-12-02 00:00:00
395,Debora,Hovee,o70523wXk,dhoveeay@virginia.edu,8609860807,1977-11-27 00:00:00
396,Tanny,Gomez,c134PoYS>o,tgomezaz@google.nl,1588627842,1976-02-07 00:00:00
397,Lek,Mitchelmore,"d060=cQ,#uuS$_,",lmitchelmoreb0@lulu.com,5944764746,1981-01-27 00:00:00
398,Nelie,Mound,y689sC_6ZaF',nmoundb1@boston.com,7435207599,1989-08-26 00:00:00
399,Bendite,Scholey,q677?Ze/,bscholeyb2@washingtonpost.com,9379865037,1993-04-04 00:00:00
400,Dick,Brunskill,"u656N}2""bfgV>>q",dbrunskillb3@elpais.com,7752747024,1970-09-13 00:00:00
401,Marijo,Joder,f379r+8dMZa(_<>,mjoderb4@jimdo.com,9179334741,1992-03-16 00:00:00
402,Jen,Garvin,h530e6)TMn@S,jgarvinb5@cloudflare.com,9053397071,1975-02-14 00:00:00
403,Andriette,Geldeford,b119mR*(u,ageldefordb6@youtube.com,5811736537,1986-01-29 00:00:00
404,Frederica,Chesterman,m031xp0/+{,fchestermanb7@intel.com,7747382411,1972-07-09 00:00:00
405,Mona,Charpin,"m284""#.4z&7HN",mcharpinb8@smugmug.com,7644681152,2008-12-06 00:00:00
406,Dasya,Corneljes,"b905hF,ye",dcorneljesb9@pcworld.com,6713511243,1993-05-06 00:00:00
407,Ruthann,Bortolussi,s55724iikg,rbortolussiba@engadget.com,9556123873,2007-09-10 00:00:00
408,Leonhard,Cofax,"b634X+1g,)C",lcofaxbb@ocn.ne.jp,1462381607,1989-03-19 00:00:00
409,Adrianne,Cassy,s607}C=A,acassybc@businesswire.com,7891178138,1996-06-03 00:00:00
410,Ravi,Shevlan,l240V)/jiLegB,rshevlanbd@telegraph.co.uk,4522067637,2005-10-17 00:00:00
411,Mervin,Bedow,"d135F'h,",mbedowbe@google.co.uk,9625082244,2009-11-10 00:00:00
412,Suzette,Goss,f717FA9K9uD,sgossbf@flickr.com,4081511630,1996-10-06 00:00:00
413,Sinclare,Mothersdale,"x432,11*2S%""=",smothersdalebg@123-reg.co.uk,4337033510,1976-05-23 00:00:00
414,Moina,Birwhistle,g974YFbhF,mbirwhistlebh@netscape.com,8146156816,1997-09-10 00:00:00
415,Martguerita,Blaschke,x337|ZG!0,mblaschkebi@quantcast.com,3369475776,2001-11-26 00:00:00
416,Lanita,Yosevitz,n503>q1$C'SVf'%,lyosevitzbj@cnet.com,2621822112,1978-12-03 00:00:00
417,Farlay,Basek,f024aBN.Z,fbasekbk@loc.gov,4309483853,1984-02-24 00:00:00
418,Miguelita,Lay,r436bl`hQfd>,mlaybl@japanpost.jp,8098060302,2005-11-20 00:00:00
419,Elwood,Pinckard,x362I|(Y(z!?HZ,epinckardbm@tripadvisor.com,5766206673,1993-10-27 00:00:00
420,Genia,Goldsworthy,m981r=kgKX,ggoldsworthybn@slashdot.org,8956902161,2010-06-06 00:00:00
421,Harold,Scimoni,"j740K8G5?)(Z,QO",hscimonibo@github.io,1193691501,1970-08-04 00:00:00
422,Sheena,Aizikov,"d297V"",,1Hs0",saizikovbp@comsenz.com,8531292771,1984-06-19 00:00:00
423,Trev,Bengal,"m096a&1""sN/",tbengalbq@scientificamerican.com,4478576957,1975-05-27 00:00:00
424,Demetre,Doick,o623+F?)w,ddoickbr@tripod.com,4906420788,1995-05-29 00:00:00
425,Oona,Elfe,v412P?cEO|$`w,oelfebs@pen.io,5916971033,1977-06-18 00:00:00
426,Delainey,Meddick,s644\*W/o$nUY/9,dmeddickbt@twitter.com,3431206151,1988-07-03 00:00:00
427,Kesley,Canet,j799>>Bh0f\bq{,kcanetbu@goodreads.com,6334218151,2004-03-11 00:00:00
428,Gunther,Upwood,q979myP8~T,gupwoodbv@webnode.com,5278949438,1994-10-18 00:00:00
429,Rollins,Shadwick,o027p')|5Dib,rshadwickbw@nba.com,5496042009,1993-02-06 00:00:00
430,Andie,Keech,d8968O&<Q9eS,akeechbx@biblegateway.com,5993323581,2009-08-12 00:00:00
431,Garland,Nuemann,z767+8(m|DMphy,gnuemannby@foxnews.com,9289776880,2009-01-15 00:00:00
432,Babette,Eborall,r8219l6KZD<4Jk4,beborallbz@comsenz.com,1744636966,1982-04-21 00:00:00
433,Carmelle,Carruth,a520K>_'7r,ccarruthc0@chronoengine.com,2791270292,1971-09-06 00:00:00
434,Laurence,Dobel,v3802Z3AY,ldobelc1@netscape.com,1019926404,1981-10-27 00:00:00
435,Karil,Vlahos,q123OmPP6{,kvlahosc2@soundcloud.com,2398604673,2005-03-09 00:00:00
436,Clarette,Alves,i815$Ib*=OCr+8,calvesc3@cdc.gov,4288780559,2008-07-14 00:00:00
437,Sarina,Ditchett,i402RG#K)(Mf0pA$,sditchettc4@zdnet.com,6798184586,1982-02-01 00:00:00
438,Otis,Shankle,g184qm%cJ<<x*_,oshanklec5@netlog.com,1605778029,1991-09-19 00:00:00
439,Mimi,Fashion,w694&Q5e_*XQW,mfashionc6@last.fm,1767185193,2007-10-01 00:00:00
440,Audra,Pelz,r290ihU7o,apelzc7@mtv.com,9509451104,1979-11-04 00:00:00
441,Scarlet,End,p415s(#1$J,sendc8@example.com,1632292400,2007-11-22 00:00:00
442,Minne,Church,"q778'BI""Z6U!e|",mchurchc9@ovh.net,3823677453,1980-06-21 00:00:00
443,Andros,Hallum,z096g+U28W/,ahallumca@telegraph.co.uk,1504972762,2004-09-23 00:00:00
444,Hirsch,Gundry,d117(C'XDD*NUqbV,hgundrycb@pen.io,6271308118,1985-09-28 00:00:00
445,Fredelia,Penquet,s925uRmJ2{H|j,fpenquetcc@etsy.com,8025367487,1980-11-15 00:00:00
446,Nissie,Tsarovic,i394`OnCx3QGa,ntsaroviccd@foxnews.com,1285148918,2004-11-12 00:00:00
447,Bevin,Cadwaladr,x498B>pkX.AFl,bcadwaladrce@opera.com,6754544292,2006-11-04 00:00:00
448,Elysia,Mitcheson,"t697Eb}#'}""hl5\",emitchesoncf@theatlantic.com,3369876228,1992-10-31 00:00:00
449,Renell,De Lasci,x505d/jD,rdelascicg@i2i.jp,4026605190,1995-07-10 00:00:00
450,Amby,Raun,"n699r""K9(7MX",araunch@scribd.com,9398356613,1979-02-26 00:00:00
451,Lyssa,Chesshire,s896!qbxS,lchesshireci@nyu.edu,9354742061,1981-05-01 00:00:00
452,Paule,Dunstan,b928roF(~/,pdunstancj@cyberchimps.com,1975625299,1999-10-06 00:00:00
453,Cy,Brotherton,r058Z.2I!$~G*,cbrothertonck@hugedomains.com,5975520437,2005-04-25 00:00:00
454,Jobey,Martelet,"h121TOW3n""$B",jmarteletcl@acquirethisname.com,9834126574,1986-05-30 00:00:00
455,Bryna,Tomkin,s740EBj0w,btomkincm@weibo.com,1442869612,1986-06-12 00:00:00
456,Callida,Nevett,m019>RdF,cnevettcn@biglobe.ne.jp,9755522953,2002-05-30 00:00:00
457,Xaviera,Norewood,c206~(|Fv=F+TRUc,xnorewoodco@cmu.edu,9281665623,1988-06-17 00:00:00
458,Murvyn,Sange,l307CUjhj>6mH=(,msangecp@toplist.cz,8836247661,1993-02-19 00:00:00
459,Redd,Kellett,y700ap6+=yZ?tl5,rkellettcq@diigo.com,7165318869,2009-08-08 00:00:00
460,Xena,Daunter,"t137,z/HAkE",xdauntercr@eventbrite.com,9509686153,1994-09-01 00:00:00
461,Gale,Pooley,j903gL/Py,gpooleycs@discuz.net,2166009266,2006-10-19 00:00:00
462,Emlyn,Blaxill,q0608W4Sd3!,eblaxillct@usnews.com,5136156759,2001-09-01 00:00:00
463,Mara,Lowth,f478#XE=B_S3)r,mlowthcu@wsj.com,5552041926,1999-10-05 00:00:00
464,Selle,Flacknoe,p5999Ka_lQySj,sflacknoecv@tinyurl.com,6675515803,1987-04-13 00:00:00
465,Odelinda,Topes,x366|G2=N}8,otopescw@cpanel.net,3572454123,1978-04-15 00:00:00
466,Hewitt,Wolfers,"u5402""kPm.Y2",hwolferscx@people.com.cn,8727713609,2003-01-06 00:00:00
467,Iseabal,Whitham,d588Hvmx.E,iwhithamcy@umich.edu,2992479449,2000-01-05 00:00:00
468,Land,Youle,"o8543$T921""#}",lyoulecz@bandcamp.com,1665866137,1995-08-04 00:00:00
469,Vinnie,Noddles,"t977PSr,k",vnoddlesd0@eventbrite.com,2682936255,1978-12-27 00:00:00
470,Inga,Kisbey,w317P|HgM,ikisbeyd1@mashable.com,2361919756,1985-11-12 00:00:00
471,Geri,Spybey,a641#xlPyi5p%t,gspybeyd2@domainmarket.com,5153761999,1996-08-18 00:00:00
472,Trumann,Antrim,k798$3$)y=qM,tantrimd3@upenn.edu,7679209624,1972-11-15 00:00:00
473,Alon,Nickolls,u671X)t+i,anickollsd4@nbcnews.com,3535762411,2001-01-18 00:00:00
474,Domenico,Buddles,n135T59K*%&?,dbuddlesd5@newsvine.com,6086168748,1973-07-03 00:00:00
475,Izzy,de'-Ancy Willis,e7526OFZ,ideancywillisd6@msn.com,2396224224,2007-04-11 00:00:00
476,Giovanna,Ligoe,j658B5U$L~ah~,gligoed7@cnbc.com,8866205274,1972-10-06 00:00:00
477,Millicent,Casaroli,y674j&Lqp4C<!&,mcasarolid8@nydailynews.com,1758790449,1975-05-02 00:00:00
478,Audrye,Fellis,b406L_3Q,afellisd9@de.vu,9895968872,1972-10-31 00:00:00
479,Catriona,Izkoveski,"g584MoWEc&4u""%U!",cizkoveskida@wordpress.org,4318116087,1986-01-20 00:00:00
480,Blaine,Hryskiewicz,c438uhd=tyJ(,bhryskiewiczdb@gravatar.com,8343891603,1983-05-27 00:00:00
481,Opalina,Seviour,c3934Zlh20,oseviourdc@angelfire.com,7911770299,1992-05-06 00:00:00
482,Carlotta,Guilliatt,k767LsW{a>,cguilliattdd@cisco.com,2766026915,1992-12-02 00:00:00
483,Eugene,Bothwell,r3435b5Yx7}/)M#y,ebothwellde@ucoz.ru,3185528642,1993-06-22 00:00:00
484,Lethia,Drable,h516JI`O#H,ldrabledf@newsvine.com,5966222235,2007-04-23 00:00:00
485,Gratia,Pinchbeck,l650IZwkg\S2,gpinchbeckdg@oracle.com,3458494418,1981-09-20 00:00:00
486,Tony,Truckell,"r900.7""vP",ttruckelldh@feedburner.com,1027181593,1996-02-16 00:00:00
487,Stefanie,Landsman,y115\Md{FPUjq,slandsmandi@boston.com,8929175785,1972-06-04 00:00:00
488,Rene,Pudden,h802Cdm=lc)Xh<,rpuddendj@telegraph.co.uk,7743732507,2010-02-18 00:00:00
489,Oby,Recher,z049/B6\NjT5,orecherdk@opensource.org,9331615108,2010-01-12 00:00:00
490,Menard,Pieters,z693PRj$!,mpietersdl@bandcamp.com,3919695865,1999-08-19 00:00:00
491,Jenda,Cragg,"n231e,6h",jcraggdm@lycos.com,3649546719,2002-09-29 00:00:00
492,Farleigh,Kruger,q489ello|vIEU,fkrugerdn@aol.com,5729510822,2008-12-07 00:00:00
493,Una,Ivanenkov,a158%Q(m>uV/'X,uivanenkovdo@deviantart.com,1715736889,2009-03-27 00:00:00
494,Dot,Dongles,a523lvXtwf=Y,ddonglesdp@ebay.co.uk,4371861489,1971-01-14 00:00:00
495,Wenona,Ripley,i320NA@~N8M?V,wripleydq@parallels.com,2251104265,1979-01-05 00:00:00
496,Obidiah,Conrath,j847|@=N1Uek4A,oconrathdr@newyorker.com,7752802428,1979-09-06 00:00:00
497,Hildagard,Pitcaithly,t986Q/JXdh>~a5H,hpitcaithlyds@csmonitor.com,2541221057,1992-03-24 00:00:00
498,Osmund,Arnholdt,i572BR|Uf,oarnholdtdt@cnet.com,8857446758,1980-12-25 00:00:00
499,Larine,Beswell,m189?U695|u_3m_|,lbeswelldu@is.gd,4894070869,1975-09-08 00:00:00
500,Verine,Hindsberg,b239%iIqr+L=Ng*4,vhindsbergdv@biglobe.ne.jp,3185358617,1983-07-22 00:00:00
501,Ulysses,Olensby,t500I+GL7>T,uolensbydw@yellowbook.com,9607541470,1995-01-29 00:00:00
502,Peggy,Neenan,p465e$|T(mR,pneenandx@slate.com,1171168998,1970-02-14 00:00:00
503,Sapphira,Stanbro,"w404tYXo!_>""",sstanbrody@printfriendly.com,3094955453,1974-09-04 00:00:00
504,Bradley,Magrannell,w403p&3qO'o+T&?,bmagrannelldz@reverbnation.com,3841914594,1984-03-29 00:00:00
505,Wendy,McQuilkin,"h415{KNXMc+C(7,",wmcquilkine0@macromedia.com,7867163502,1992-04-20 00:00:00
506,Ivor,Narey,"a049`|""{F#L'",inareye1@salon.com,4912997471,1979-12-06 00:00:00
507,Evan,Adair,c3985t}MPU=.P.,eadaire2@msu.edu,6368458884,1999-09-16 00:00:00
508,Karel,Crothers,m259p1Y8)nY)3uI,kcrotherse3@ucsd.edu,7584917651,1982-10-07 00:00:00
509,Lynea,Gaunter,l695sn}3c~5,lgauntere4@thetimes.co.uk,1331561433,1995-10-16 00:00:00
510,Giusto,Cawdery,"e217'""HC",gcawderye5@scribd.com,6775139876,1970-06-28 00:00:00
511,Delmar,Galton,"l2600bJbX"")v",dgaltone6@tiny.cc,8642172964,1973-10-26 00:00:00
512,Brynn,Syrett,i285E6zxDzPBgA,bsyrette7@jugem.jp,4023316796,1989-06-30 00:00:00
513,Bernita,Sapsed,z786}V{Q0q7)jYu1,bsapsede8@nba.com,9462973541,1977-05-20 00:00:00
514,Benoite,Harvey,q539(>1f`71_+~PJ,bharveye9@globo.com,3105174175,1984-07-17 00:00:00
515,Bill,Stivers,x102V<'mMzD%5A,bstiversea@house.gov,3054084144,1998-04-07 00:00:00
516,Silvan,Toppas,z664T#YaH$0_E,stoppaseb@epa.gov,3583154266,1973-07-19 00:00:00
517,Rosalyn,Blasoni,g861=E*cP,rblasoniec@netvibes.com,5373204761,1995-06-11 00:00:00
518,Calli,Clive,k559UEsf*1\@)V,ccliveed@si.edu,5452176337,2009-09-04 00:00:00
519,Thor,Fidoe,b987<yL!V@`iVF,tfidoeee@altervista.org,6164795529,2010-06-10 00:00:00
520,Penelopa,Arch,d522lHP7FN,parchef@hibu.com,8333484920,1997-02-05 00:00:00
521,Jody,Leroux,"h699_I""5X0""pG",jlerouxeg@webnode.com,8714780142,1970-10-26 00:00:00
522,Brittney,Dowe,o153k3j1)}p{R\,bdoweeh@storify.com,5846498140,2001-05-03 00:00:00
523,Heidie,Milkin,u686zrHLB1,hmilkinei@infoseek.co.jp,7795454395,2004-09-09 00:00:00
524,Theodora,Badsworth,m250~tkKL,tbadsworthej@senate.gov,4535537169,1975-03-09 00:00:00
525,Basilius,Dignall,p426qa#FuQv7N,bdignallek@bigcartel.com,2413815803,1987-12-10 00:00:00
526,Zollie,MacFie,r698b%hVAU,zmacfieel@reuters.com,6935993989,1981-05-21 00:00:00
527,Christa,Serjeantson,h789?R6Q*VN*~0(d,cserjeantsonem@parallels.com,7323608839,2000-08-05 00:00:00
528,Ivonne,Kield,"y9849""H6A",ikielden@webeden.co.uk,1187911886,1974-11-13 00:00:00
529,Flory,Denford,a725+Apt'&,fdenfordeo@yellowbook.com,6242577292,1978-10-27 00:00:00
530,Kenyon,Kapiloff,w873lrV2,kkapiloffep@gizmodo.com,8703381266,1982-04-30 00:00:00
531,Terrence,Stearns,c625*y~v`Qv9mfS,tstearnseq@ehow.com,1252947969,1989-11-07 00:00:00
532,Nicolis,Dyson,l926apHN7}5e<,ndysoner@dropbox.com,5831989912,1973-11-21 00:00:00
533,Webb,Robel,t485ydka,wrobeles@huffingtonpost.com,6976626797,2001-02-05 00:00:00
534,Carmelle,Brahms,b051Q1=&RNkd974P,cbrahmset@comsenz.com,8369405523,2008-08-31 00:00:00
535,Wilma,Sikora,p156&gTz,wsikoraeu@reuters.com,4579775828,1993-04-17 00:00:00
536,Cal,Jewers,k955V0K3Fw+rg,cjewersev@i2i.jp,7041700836,1998-03-18 00:00:00
537,Ines,Doree,n058%4$hI)dAm,idoreeew@wp.com,6636216999,2002-12-15 00:00:00
538,Zechariah,Panks,"a563m>KU""q5o",zpanksex@vkontakte.ru,7785535420,2002-09-15 00:00:00
539,Thomas,Doram,t493Ro\Tcm,tdoramey@state.tx.us,5984830498,1974-12-23 00:00:00
540,Ingar,Sundin,t772.(sl,isundinez@sfgate.com,2715910212,2008-10-15 00:00:00
541,Concettina,Duke,e482_M_\<cBTO{O,cdukef0@xinhuanet.com,9002717568,1978-04-14 00:00:00
542,Neysa,Stodit,g580vULFdM(8n,nstoditf1@booking.com,7021543656,2010-11-09 00:00:00
543,Marci,Dufaur,z8904b}5Fxyw+k9$,mdufaurf2@aol.com,7971154411,1993-02-08 00:00:00
544,Anet,Dargue,"a298V>Q""s%",adarguef3@businesswire.com,9149082148,1970-04-13 00:00:00
545,Olin,Topes,w909esKsKTxk,otopesf4@princeton.edu,1784726800,1987-05-27 00:00:00
546,Caryl,Blackall,"j807G>\)"".Tn4*ZV",cblackallf5@indiegogo.com,4008369985,1986-09-17 00:00:00
547,Cissiee,Hupe,h39607b',chupef6@360.cn,3897317219,1974-10-15 00:00:00
548,Elvina,Ebbins,y381h>Vxg71H$$,eebbinsf7@google.ca,5933877759,2010-10-20 00:00:00
549,Dimitry,Sollett,p732RgG4|gsxl,dsollettf8@wikispaces.com,7095093775,1984-03-18 00:00:00
550,Melloney,Deniske,"b010j+Q`3a<y""_N",mdeniskef9@rediff.com,4505429535,1984-05-12 00:00:00
551,Giffard,Dungey,i795N=f1,gdungeyfa@cnn.com,1845336933,1974-05-25 00:00:00
552,Dodie,Knappett,j281=3QACe7A,dknappettfb@cbslocal.com,9681846721,1988-03-26 00:00:00
553,Norbert,Lorenzo,h890Tze*,nlorenzofc@amazon.com,7691316920,1992-04-09 00:00:00
554,Will,MacKenny,f192ZT{~c1!qO6,wmackennyfd@youtube.com,5909488708,2000-11-06 00:00:00
555,Vevay,Ettery,e931=j9(,vetteryfe@reuters.com,7258375431,1985-07-13 00:00:00
556,Katrinka,Fishbourn,b362Vk4r,kfishbournff@virginia.edu,1853262360,1979-03-26 00:00:00
557,Inge,Stonelake,"g061s+xw'?""Y{3v2",istonelakefg@cdc.gov,7052123531,2010-07-10 00:00:00
558,Hunt,Inston,l664U'7TW*g,hinstonfh@gmpg.org,4012040299,2000-01-18 00:00:00
559,Morganne,Eriksson,b620Tp0(_Gz},merikssonfi@who.int,3591048018,2004-11-11 00:00:00
560,Delcine,Cairns,a965+o_qQrW\mY5,dcairnsfj@answers.com,2203473235,2009-01-01 00:00:00
561,Wye,Woolmore,"b019_sG,}HPv{9",wwoolmorefk@typepad.com,5919505514,1983-07-31 00:00:00
562,Morten,Verry,"x935/5,vg",mverryfl@skyrock.com,3033018575,1971-02-03 00:00:00
563,Martie,Cortnay,w241FWnB/c\yEz,mcortnayfm@nbcnews.com,2317613738,1998-10-30 00:00:00
564,Buck,Shellsheere,m568)0R{`$A{8,bshellsheerefn@sohu.com,4771286887,1979-07-15 00:00:00
565,Zed,Klisch,f585yb%2%dD$0v/I,zklischfo@freewebs.com,8723878623,1980-09-25 00:00:00
566,Morgan,Smallcomb,w235h0l+,msmallcombfp@weather.com,4202962333,1976-11-04 00:00:00
567,Nolana,Braddock,g972iZL6K<q@,nbraddockfq@cocolog-nifty.com,6043373231,1989-12-09 00:00:00
568,Joni,Clericoates,"n345,=D5?(Be",jclericoatesfr@blogspot.com,4744464122,2001-08-06 00:00:00
569,Aluino,Roskelly,u281aids@\Kr9z,aroskellyfs@paypal.com,7642976191,1971-03-01 00:00:00
570,Zaneta,Dedon,"n458U>IW{,@",zdedonft@nifty.com,9998764805,1970-11-01 00:00:00
571,Maryann,Lankester,p518b4K*y,mlankesterfu@archive.org,8455158101,1996-06-17 00:00:00
572,Giselle,Vannoni,x796R{Nw0E|={78,gvannonifv@printfriendly.com,8435648355,1975-12-26 00:00:00
573,Early,Bohlin,x351G}nxkq,ebohlinfw@xing.com,1693142433,1982-12-05 00:00:00
574,Godfry,Cartman,r086E_Zrk9Br&'=,gcartmanfx@hibu.com,4402337900,1979-06-13 00:00:00
575,Rudolf,Belliveau,"o865F(gT6d""*F",rbelliveaufy@go.com,2072286811,1976-01-21 00:00:00
576,Dore,Wichard,"i280""oZ}(",dwichardfz@naver.com,7805974242,2002-03-23 00:00:00
577,Rici,Meakes,b000G*7?u9Zo=t,rmeakesg0@prweb.com,9534173288,2005-10-06 00:00:00
578,Bonita,Digance,x094Qyo{,bdiganceg1@indiatimes.com,8254299049,1974-07-27 00:00:00
579,Alfonse,Oxton,e900lUR@xw,aoxtong2@sourceforge.net,7732887549,1995-10-11 00:00:00
580,Consolata,Moyers,y1614zl@r.BQ9S,cmoyersg3@macromedia.com,7225057145,2009-05-10 00:00:00
581,Alwyn,Claw,x322NW%x_!x,aclawg4@stanford.edu,8663942581,1982-09-16 00:00:00
582,Ezmeralda,Dodd,c0248mwxp(s\xUO,edoddg5@123-reg.co.uk,5173221893,1993-06-14 00:00:00
583,Terrell,Gosford,"m473o""2no'$IO1s",tgosfordg6@gizmodo.com,4218295738,1986-04-05 00:00:00
584,Correna,Swanne,r602?.j%+rQWm(h,cswanneg7@hao123.com,1612618549,2010-07-21 00:00:00
585,Chlo,Pomfret,n839N409x.R=p9,cpomfretg8@guardian.co.uk,1494564566,1995-10-10 00:00:00
586,Kaleena,Morbey,d419Ime$z2~,kmorbeyg9@wsj.com,7536615141,2005-11-20 00:00:00
587,Yorgos,Sheekey,h625Xs9B~,ysheekeyga@typepad.com,4662072998,1975-08-08 00:00:00
588,Dennison,Donnersberg,r7558wlwr=~bJP,ddonnersberggb@ibm.com,6937168930,1973-01-04 00:00:00
589,Kristo,Sanderson,d850v\Uo#,ksandersongc@dell.com,1631586773,1995-12-19 00:00:00
590,Chick,Thomlinson,j345iqx*`,cthomlinsongd@creativecommons.org,8526517275,1989-01-11 00:00:00
591,Camilla,Gilbane,a774~~qS60Gfs/%(,cgilbanege@shinystat.com,9431481545,1976-10-10 00:00:00
592,Bernardo,Dyer,h338OEYhA/q,bdyergf@elpais.com,8898408267,1998-06-09 00:00:00
593,Kearney,Celle,c716JuvywDM!51d,kcellegg@ucla.edu,1582369388,1991-05-02 00:00:00
594,Donica,Ledwidge,u522{4p)P|EXW,dledwidgegh@archive.org,6821913862,2001-12-05 00:00:00
595,Crichton,Abramzon,e316F@Hh3HU=!k9%,cabramzongi@economist.com,4892149300,2003-04-15 00:00:00
596,Sidonnie,Nutty,m8692WrQj`m,snuttygj@bing.com,7013092316,1997-02-20 00:00:00
597,Freddie,Milham,f384t{6XK=,fmilhamgk@fema.gov,3347697586,2003-01-21 00:00:00
598,Sashenka,Billings,t724fu{#ko,sbillingsgl@google.it,6546396160,1971-02-20 00:00:00
599,Desiree,Coonihan,h477+{COggA,dcoonihangm@disqus.com,8913008238,1971-06-11 00:00:00
600,Kaja,Pasterfield,j171=FG%gz,kpasterfieldgn@myspace.com,5733417417,2001-06-29 00:00:00
601,Mariana,Fairbard,y451Mz%oK,mfairbardgo@bbb.org,9702299876,2003-08-19 00:00:00
602,Alberik,Wetherhead,b37539ur?8TW&X3,awetherheadgp@wsj.com,7151342515,2003-12-08 00:00:00
603,Randa,Lammert,"u1898Tz_4>k""s",rlammertgq@networkadvertising.org,4422860345,2006-04-26 00:00:00
604,Lesly,Bremner,w3071\$Qkb|{,lbremnergr@xinhuanet.com,5359851197,2001-03-19 00:00:00
605,Borg,Pibworth,n464r'z!,bpibworthgs@unicef.org,6567715369,2007-07-08 00:00:00
606,Granthem,Middas,b936ZPCB\x0r>,gmiddasgt@arstechnica.com,6407770095,1972-09-26 00:00:00
607,Shandra,Fick,x435z74'/S,sfickgu@nydailynews.com,3375621293,2006-08-06 00:00:00
608,Arnold,Rollins,t423!//_|<?(e#(,arollinsgv@bigcartel.com,1199600388,1986-04-16 00:00:00
609,Aldin,Craighill,w171E7@ReduI?,acraighillgw@mapquest.com,7822204219,1979-04-08 00:00:00
610,Kenyon,Tregona,o9353>JiHg&3},ktregonagx@github.io,3567583239,1984-03-27 00:00:00
611,Edward,Wones,w201j`v##q?|G,ewonesgy@plala.or.jp,6149693533,1995-06-27 00:00:00
612,Betsey,Worsam,"v240q,~z?wXt",bworsamgz@theatlantic.com,5538893141,1989-09-08 00:00:00
613,Nicolette,Tuckey,s552i\L!fWWPEO}a,ntuckeyh0@shutterfly.com,6576934770,1982-11-18 00:00:00
614,Devinne,Yvens,"c493\qcG+)=,",dyvensh1@adobe.com,7805445173,1985-10-17 00:00:00
615,Shanta,Learned,n340q!gbQd`$fi,slearnedh2@lulu.com,8451956003,1994-12-03 00:00:00
616,Tremaine,Blesing,r5097r1P>.IZ)x,tblesingh3@unc.edu,6647265646,1995-07-15 00:00:00
617,Merridie,Evill,i51473lx,mevillh4@dell.com,2502009600,1971-03-02 00:00:00
618,Galina,Brade,i505/gW*!n,gbradeh5@opera.com,1083709848,2010-10-14 00:00:00
619,Adolph,Pickover,"b211HR%_c>GHwm,",apickoverh6@merriam-webster.com,9552174527,2003-02-28 00:00:00
620,Cassaundra,Compfort,o564(v\t>1q#FT,ccompforth7@merriam-webster.com,6884998520,1977-05-26 00:00:00
621,Archie,Camilio,w221P(VjTVeoBP5F,acamilioh8@hugedomains.com,4146998582,1980-10-15 00:00:00
622,Olympie,Renner,"w834L2lL""Y",orennerh9@plala.or.jp,6113631469,1970-04-27 00:00:00
623,Ninette,Ivanyutin,q1793iao{/dQ,nivanyutinha@symantec.com,1207597619,1974-01-26 00:00:00
624,Chico,Vanyushin,m476AB2G1m,cvanyushinhb@people.com.cn,1874161768,1993-12-26 00:00:00
625,Kerianne,Arnke,w656f+c8F?,karnkehc@canalblog.com,2893523447,1998-06-18 00:00:00
626,Doralia,Gerry,"m189""RaXt2",dgerryhd@oracle.com,9497205133,2005-10-06 00:00:00
627,Levin,Buntain,j762kw((04,lbuntainhe@washington.edu,8654939505,1993-11-20 00:00:00
628,Inez,Jovicic,r579K#3Ly,ijovicichf@csmonitor.com,7545478908,1992-05-13 00:00:00
629,Raine,Menat,n665<m@><oWB%vaX,rmenathg@ifeng.com,4733238453,1998-05-03 00:00:00
630,Kristal,Presdee,"m071$jww7%""mQ",kpresdeehh@princeton.edu,1501413946,1977-07-06 00:00:00
631,Corrine,Noto,"y874"">\~p0e_Wn",cnotohi@yandex.ru,4393875032,1982-03-09 00:00:00
632,Hewett,Gallaher,g127=2pWP''6T23O,hgallaherhj@sitemeter.com,6067587739,2007-10-30 00:00:00
633,Steve,Morfey,z2423O|Tc$7Z9,smorfeyhk@digg.com,1506763666,1983-08-28 00:00:00
634,Torrence,Dulen,a873uM'+BJE7}U=,tdulenhl@pagesperso-orange.fr,2244588641,1981-06-12 00:00:00
635,Maryrose,Tregien,t641Os)u#,mtregienhm@timesonline.co.uk,6298941864,1990-11-27 00:00:00
636,Haley,Sanbrooke,l051ko1xOSACs0,hsanbrookehn@sogou.com,5478286256,2000-07-27 00:00:00
637,Laurel,Murkus,n571B326,lmurkusho@wikispaces.com,1541679591,1980-10-13 00:00:00
638,Chicky,Temby,k707alVr,ctembyhp@google.com,2942695534,1976-05-29 00:00:00
639,Ronna,Adenet,g872/@'\/oM,radenethq@hubpages.com,5492762447,1993-12-26 00:00:00
640,Kessiah,Geraudel,"r618TyLd=1,",kgeraudelhr@mapy.cz,2664067363,1996-11-11 00:00:00
641,Jeniece,Brougham,j082{+K)6v$*yw.l,jbroughamhs@woothemes.com,7615596652,2007-05-11 00:00:00
642,Garry,Burker,c454(gXfrAq,gburkerht@nature.com,8437200287,1990-07-07 00:00:00
643,Alick,Noice,q674*B`l,anoicehu@bbc.co.uk,8066206515,1988-09-29 00:00:00
644,Josias,Greenard,i172)YQn|S,jgreenardhv@nhs.uk,6364312324,1974-06-03 00:00:00
645,Tabbi,Stockbridge,w183g($yBws1,tstockbridgehw@cnn.com,8585785481,1973-08-13 00:00:00
646,Trude,Dunnion,w320GV{iP6,tdunnionhx@theatlantic.com,4762068869,2003-04-03 00:00:00
647,Galina,Domanski,u090xpWTGM,gdomanskihy@wikia.com,6572302501,1980-11-08 00:00:00
648,Auria,Watson,m676B5{>MqeU$,awatsonhz@shareasale.com,8417828608,1995-12-05 00:00:00
649,Paul,Sinderland,f005J<Bm%{Mz,psinderlandi0@yellowpages.com,3384474388,1982-07-04 00:00:00
650,Allen,Assante,b10788_I6oqb,aassantei1@amazon.com,1892185312,2009-05-10 00:00:00
651,Tandy,Mulhill,k115i%~F#g,tmulhilli2@wikipedia.org,9918129428,1973-12-10 00:00:00
652,Galven,Shapero,y947/9{R,gshaperoi3@over-blog.com,2256353240,1980-08-23 00:00:00
653,Leanor,Flory,g025WC97<0/Gh,lfloryi4@shutterfly.com,6609766632,2008-07-02 00:00:00
654,Lyn,Scheffler,z804{&6h3%3',lscheffleri5@shop-pro.jp,3699862697,1972-12-10 00:00:00
655,Wilfred,Meadows,u9371vZ/jT,wmeadowsi6@cyberchimps.com,4741663018,2007-06-08 00:00:00
656,Ronnie,McOrkil,"u777~PK/wWC""*D",rmcorkili7@hexun.com,1282681664,2010-08-30 00:00:00
657,Luis,Tibols,h7992#$*Ou,ltibolsi8@sfgate.com,7207810971,2008-04-03 00:00:00
658,Kathleen,Cone,"i0184AS6F%""uY",kconei9@com.com,5582047551,1994-07-19 00:00:00
659,Noach,Douglass,g346wPKc,ndouglassia@irs.gov,4051048063,1982-12-18 00:00:00
660,Adelina,Da Costa,s958|oV<pOg{f.P,adacostaib@va.gov,3082042989,2001-03-24 00:00:00
661,Alphonso,Balding,o282z2*0,abaldingic@auda.org.au,6106857804,1999-06-16 00:00:00
662,Jess,Roakes,u558=M~py_zof17,jroakesid@mayoclinic.com,7223382166,1993-09-09 00:00:00
663,Goraud,Payle,v870s/2'9Eld?,gpayleie@edublogs.org,7324402885,1987-05-20 00:00:00
664,Renard,Hake,i8656mPrWZg7H3,rhakeif@simplemachines.org,6622514692,1982-06-03 00:00:00
665,Lucille,Spillane,v132Et@?SuSiK<,lspillaneig@biglobe.ne.jp,1841978842,1977-09-02 00:00:00
666,Pauly,Everitt,n77903rNt02g,peverittih@bandcamp.com,5218420438,1995-10-09 00:00:00
667,Kamillah,Basilone,t963w3Y<`,kbasiloneii@360.cn,8663811973,2010-10-25 00:00:00
668,Hoebart,Berdale,u2893qXUHS,hberdaleij@unicef.org,4652003963,1979-03-04 00:00:00
669,Susan,Marsie,n958P02kGM<e43N,smarsieik@cam.ac.uk,5862024111,1994-01-05 00:00:00
670,Levy,Tesmond,w436<uw<u?>P7},ltesmondil@oakley.com,9891396867,1995-06-02 00:00:00
671,Eldredge,Ballentime,m266&BqmLG,eballentimeim@google.nl,6484377783,1977-04-19 00:00:00
672,Rodolphe,Emerine,p628qWUAZs,remerinein@tumblr.com,3128552242,2006-06-28 00:00:00
673,Gianina,Wittrington,c274kY<7,gwittringtonio@washington.edu,6392467231,1980-09-29 00:00:00
674,Bar,Gullis,"s156l,V>.yfn",bgullisip@wisc.edu,3913285342,1993-12-02 00:00:00
675,Rori,Doodson,u623E>7B<DCx0,rdoodsoniq@cbslocal.com,5657898249,2010-10-16 00:00:00
676,Kelley,Jouanot,k902t|z?QF,kjouanotir@wisc.edu,1895491875,2002-06-10 00:00:00
677,Ben,Lanfere,g832&6vLhL,blanfereis@psu.edu,4663350784,1989-04-28 00:00:00
678,Nolly,Stenning,n769`T2O}.d|BN,nstenningit@simplemachines.org,9877200748,1976-04-08 00:00:00
679,Ulrich,Carswell,g639j*5`BMkR,ucarswelliu@lycos.com,7843962495,2009-09-08 00:00:00
680,Lazaro,Clingan,u228C8'\rnXTf,lclinganiv@cbsnews.com,8196027467,1982-02-18 00:00:00
681,Wells,Tringham,w181N~FI+,wtringhamiw@macromedia.com,9551832832,1988-01-10 00:00:00
682,Eldredge,Tobias,"z426""`Xw<.b4",etobiasix@techcrunch.com,8435135879,2007-02-03 00:00:00
683,Gray,Burrus,k132+o8.2+58=}*,gburrusiy@apache.org,1292907926,2009-09-13 00:00:00
684,Crista,Waghorne,"m287o""Xi",cwaghorneiz@shop-pro.jp,7985213854,1983-03-23 00:00:00
685,Clarissa,Giacopelo,w176Z#<sh.GHI,cgiacopeloj0@stanford.edu,2609563640,2010-02-13 00:00:00
686,Bernardine,Garlinge,"n2555DxsqZ}N,#_",bgarlingej1@plala.or.jp,5736724992,1980-04-05 00:00:00
687,Pavel,Pennycuick,o907YaJW)8R,ppennycuickj2@sourceforge.net,6141514888,1996-06-02 00:00:00
688,Griffith,Rusbridge,m187Jn.0&s3,grusbridgej3@omniture.com,3994704071,1997-03-27 00:00:00
689,Katrine,Antuoni,n503E>awmL,kantuonij4@tuttocitta.it,9512497805,1990-11-05 00:00:00
690,Winifield,Sutty,z714wr)o,wsuttyj5@github.io,8887055492,1990-04-16 00:00:00
691,Gilbert,Hammersley,"w936,aAZ@kk#",ghammersleyj6@salon.com,1305118471,1971-12-23 00:00:00
692,Jeanne,Poyner,p491oBea}jI,jpoynerj7@google.com.hk,3203252262,1978-05-10 00:00:00
693,Brennan,Guilayn,"c792i54,M",bguilaynj8@dropbox.com,9636766574,1995-01-09 00:00:00
694,Donielle,De La Cote,p205nW(PD,ddelacotej9@yelp.com,6553254761,1978-11-28 00:00:00
695,Ancell,Harriman,f416#4(P}J3te,aharrimanja@gmpg.org,9892410726,2009-04-01 00:00:00
696,Ebonee,D'Costa,w463pd*)W`l_,edcostajb@army.mil,2443639218,2009-10-11 00:00:00
697,Elias,Shalloe,i305E>e8JZ`h9,eshalloejc@usnews.com,2897354478,2001-09-04 00:00:00
698,Cecilla,Meaders,n4146uO3|Tpc2HUI,cmeadersjd@dailymotion.com,7765985251,1971-04-30 00:00:00
699,Myca,Peggram,"v238~?""N",mpeggramje@state.tx.us,8917787492,2001-09-08 00:00:00
700,Luke,Spires,s918JIkZhoh,lspiresjf@sakura.ne.jp,7501286886,2002-02-17 00:00:00
701,Daren,Parton,f651?I#>ay,dpartonjg@weebly.com,4478498544,1972-08-22 00:00:00
702,Bethanne,Degan,k841d<#3Gz.Zo,bdeganjh@pcworld.com,1303811490,1996-09-09 00:00:00
703,Fayre,Mosdill,"d486Et""'xT!)0H%",fmosdillji@spotify.com,4641456945,1974-12-14 00:00:00
704,Roseann,Wellsman,k533QC44SFrR\yI{,rwellsmanjj@ycombinator.com,8069247224,1995-05-10 00:00:00
705,Mellisa,Bamblett,p277GBdzkXZA,mbamblettjk@liveinternet.ru,7366939779,1973-04-05 00:00:00
706,Sofia,Courtois,y913}OI>8j\'),scourtoisjl@newsvine.com,4118519786,1988-04-05 00:00:00
707,Dew,Harcase,z240.1z.Bxw,dharcasejm@mapy.cz,9708104802,2008-09-21 00:00:00
708,Vasilis,Lorinez,f144D*nj~,vlorinezjn@huffingtonpost.com,6705461496,1970-12-28 00:00:00
709,Amie,Elton,q045~juJ(2LjuBr,aeltonjo@cmu.edu,1912036196,1986-06-01 00:00:00
710,Agustin,Manna,q436`|4d1..0t>iV,amannajp@uol.com.br,8454905506,2002-03-21 00:00:00
711,Cazzie,D'Adda,a192blfVzf4Q,cdaddajq@myspace.com,5579343865,2003-05-22 00:00:00
712,Roxy,Deaconson,m807K5os&M,rdeaconsonjr@trellian.com,9056377861,1999-05-02 00:00:00
713,Hilary,Tropman,q417|q#+LH,htropmanjs@dion.ne.jp,8781152469,1973-01-25 00:00:00
714,Angil,Gawthrop,w618D(WhZw&wA,agawthropjt@japanpost.jp,1604689133,1978-10-26 00:00:00
715,Gaven,Blunden,j834j/eh`H!$,gblundenju@ucla.edu,6111421018,1983-08-25 00:00:00
716,Skippy,Gyngell,x806>N#evg|7o,sgyngelljv@cpanel.net,5387322727,1995-10-16 00:00:00
717,Annissa,Stonebridge,p889m2t>zOv!w,astonebridgejw@bandcamp.com,6647009528,1983-11-04 00:00:00
718,Stefan,Reicharz,"h945Dgu(""",sreicharzjx@de.vu,6268422279,1977-11-14 00:00:00
719,Terese,Ballin,v4471yz90T=T,tballinjy@jiathis.com,4142552141,1977-02-11 00:00:00
720,Penelopa,Tripon,"c134}9E,'OKxR<)R",ptriponjz@columbia.edu,6423989922,1993-10-09 00:00:00
721,Josey,Ticic,v723S|hR@/8wwCp,jticick0@ihg.com,3911446136,1996-08-29 00:00:00
722,Zane,Reburn,b897MucS6|~<,zreburnk1@uiuc.edu,8163719990,1991-12-14 00:00:00
723,Henryetta,Martins,p765{9}z,hmartinsk2@naver.com,8101694377,1997-10-06 00:00:00
724,Cecilio,Songist,c108NP*uh1#Z,csongistk3@mapy.cz,8685769726,1985-06-02 00:00:00
725,Perl,Alison,"q568niA7,",palisonk4@odnoklassniki.ru,7037000388,1998-03-11 00:00:00
726,Adolphus,Rodinger,i965f{FZi,arodingerk5@globo.com,7305434547,1982-05-15 00:00:00
727,Dannye,Demann,"a1451|E|7IJ,p""",ddemannk6@umich.edu,3297523198,1993-05-14 00:00:00
728,Urbano,Zupone,s572&}/P9RL_L,uzuponek7@statcounter.com,3265836465,1984-02-17 00:00:00
729,Scottie,Warde,h209/3xW`Dhso8Z,swardek8@cnet.com,1316653294,1979-05-17 00:00:00
730,Phillipp,Smallsman,f457JYXTi_8zoZc',psmallsmank9@usatoday.com,2668250347,1993-03-11 00:00:00
731,Dolf,Affuso,s155<&%=)f,daffusoka@reference.com,5494422607,2002-06-16 00:00:00
732,Thomasa,Fromant,p803Q5GJxA,tfromantkb@netvibes.com,8363698969,1986-10-19 00:00:00
733,Dougy,Hanstock,g740(svwwuQXV6,dhanstockkc@purevolume.com,7144771964,1973-04-02 00:00:00
734,Wes,Marre,"u3901,ZjlOd=Q3F",wmarrekd@squidoo.com,1356347994,2006-02-10 00:00:00
735,Staffard,Welds,"x927zL7Q8~!%,`",sweldske@dailymotion.com,9772127116,2000-04-23 00:00:00
736,Angelina,Clendinning,y146+r~lz,aclendinningkf@liveinternet.ru,7839730835,1990-07-02 00:00:00
737,Findley,Gallichan,e004t%+GUMN,fgallichankg@aol.com,3568213016,1976-09-22 00:00:00
738,Alonso,Keinrat,"e478qGzc{$""/w",akeinratkh@baidu.com,1804456703,1994-08-01 00:00:00
739,Joelly,Biskup,e171Xyb#fCeGkk,jbiskupki@miitbeian.gov.cn,2555249812,1980-04-04 00:00:00
740,Danya,Pigden,o223{4I4'rwU@VH,dpigdenkj@phoca.cz,5209779619,1990-11-23 00:00:00
741,Alfonso,Lodge,e615*!Yx6li2}!?,alodgekk@yandex.ru,3391169691,1995-11-19 00:00:00
742,Kikelia,Liddy,u651Z9ET<HB0,kliddykl@is.gd,2581142565,1980-11-19 00:00:00
743,Loreen,Setterthwait,f2498U'=yh\>,lsetterthwaitkm@google.it,1181613074,1980-03-02 00:00:00
744,Otis,Jeanesson,j912`}QGH,ojeanessonkn@hugedomains.com,5774524495,2000-06-30 00:00:00
745,Emmalynn,Brackenridge,f744u'ebl,ebrackenridgeko@oakley.com,8208294612,1973-07-13 00:00:00
746,Shepard,Barrack,y0987{uPb',sbarrackkp@wix.com,1524420574,1970-04-16 00:00:00
747,Roby,Rishworth,"x649HRKp/sQ02""",rrishworthkq@webeden.co.uk,6322915728,2007-09-26 00:00:00
748,Sterne,Bertholin,h958*HDCL,sbertholinkr@tamu.edu,2483477913,1987-01-29 00:00:00
749,Ave,Firebrace,z605#KAn~r1H,afirebraceks@tinyurl.com,4111598490,1984-08-01 00:00:00
750,Nydia,Trevains,n303Q/uw{CN,ntrevainskt@elpais.com,1781608107,2001-02-18 00:00:00
751,Gwendolin,Lorrimer,"q445ajh""uraV|6",glorrimerku@telegraph.co.uk,7691340939,1987-07-05 00:00:00
752,Bob,Beaby,l367czv2,bbeabykv@latimes.com,7051548048,2000-02-08 00:00:00
753,Hedwig,Krollmann,"h347',5Ca",hkrollmannkw@intel.com,1666293321,1988-01-04 00:00:00
754,Shellysheldon,Fatharly,t420.y9yn,sfatharlykx@sina.com.cn,2335259510,1987-10-29 00:00:00
755,Wainwright,Kiwitz,x535z8rW48~dM0p,wkiwitzky@epa.gov,2802061673,1991-08-12 00:00:00
756,Jourdain,Janse,u133YB5m,jjansekz@wordpress.com,6197094722,1986-08-30 00:00:00
757,Ugo,Bromell,r309RFGYN`Y~H\G,ubromelll0@gravatar.com,3094176141,1992-08-28 00:00:00
758,Alley,Perone,k095AdT@RqG8Z,aperonel1@163.com,9344600593,1992-04-09 00:00:00
759,Ariella,Jessopp,b886G)nhtg,ajessoppl2@topsy.com,6948973910,1991-12-08 00:00:00
760,Oralee,Edelston,b086IsCx4SO,oedelstonl3@stumbleupon.com,3126948461,2008-02-01 00:00:00
761,Christyna,Dearsley,w554k}(eb{L,cdearsleyl4@addthis.com,5898285910,2004-10-21 00:00:00
762,Gratiana,Mielnik,t394a|Kby*zf=2,gmielnikl5@marketwatch.com,2719384306,2007-12-03 00:00:00
763,Christabel,Pinar,s945y8MIiDh,cpinarl6@tinyurl.com,7456353284,2005-11-29 00:00:00
764,Gabrielle,Foynes,p467G`6h*5DtQIM,gfoynesl7@feedburner.com,5307867815,1977-04-14 00:00:00
765,Lee,Maslin,k499)d'csX,lmaslinl8@exblog.jp,7172461381,1996-10-18 00:00:00
766,Roobbie,Janaszkiewicz,q8997gb>C+,rjanaszkiewiczl9@ycombinator.com,3801284021,1985-09-04 00:00:00
767,Paloma,Magill,m111LMy)VMw,pmagillla@rediff.com,4583058127,2000-03-06 00:00:00
768,Ham,O'Mailey,t450k+T(&f,homaileylb@bigcartel.com,2521785279,1988-03-03 00:00:00
769,Fin,Bisterfeld,p575x%&3(g\,fbisterfeldlc@fda.gov,4592528001,1981-12-12 00:00:00
770,Andie,Maggiori,"e767i3qA>A""",amaggiorild@networksolutions.com,1371183424,2006-08-14 00:00:00
771,Chiquia,Parnall,a955'?Fj=wMf,cparnallle@smugmug.com,8359105349,1986-07-24 00:00:00
772,Nora,Rodinger,l863Ltok$,nrodingerlf@exblog.jp,5947386883,1996-11-14 00:00:00
773,Godwin,Mangenet,p182*n(Nw'x,gmangenetlg@state.tx.us,8672232308,1970-01-23 00:00:00
774,Regine,Langlois,y246ZB1y,rlangloislh@craigslist.org,9854337000,1994-04-28 00:00:00
775,Liza,Danilovic,x667)gC)ad,ldanilovicli@google.com.br,2733110612,1985-09-30 00:00:00
776,Pepito,Nutbeem,x412fN+it,pnutbeemlj@wsj.com,7746833811,2008-05-21 00:00:00
777,Lacie,Klulik,"y270smB)""<",lkluliklk@cornell.edu,6928532139,2000-05-13 00:00:00
778,Colly,Reavey,i911NZGMaI>k+,creaveyll@diigo.com,2379421231,2010-01-09 00:00:00
779,Giovanni,Phippard,j056A5Zyh(zS,gphippardlm@friendfeed.com,8599660343,1996-03-17 00:00:00
780,Hilary,Monteaux,t519{)mJUEydStV,hmonteauxln@list-manage.com,1364828157,1976-03-18 00:00:00
781,Alicia,Mayworth,i654~V%a,amayworthlo@apple.com,1705111433,1972-08-30 00:00:00
782,Dorothea,Grimsdell,l415Wv|s4VF,dgrimsdelllp@xrea.com,5939535396,1977-06-04 00:00:00
783,Ange,Letten,d643Sax1,alettenlq@bbc.co.uk,1225157901,1990-01-16 00:00:00
784,Millard,Joscelyne,r610u*.9_}e#F|,mjoscelynelr@youtu.be,5303502982,2007-05-04 00:00:00
785,Hillel,Reihill,b100eMgB(,hreihillls@google.com.hk,4826343109,1991-07-17 00:00:00
786,Tim,MacPhail,"p015YjZ(G""f",tmacphaillt@goo.gl,5597153067,1974-03-18 00:00:00
787,Arley,Astill,i689#2mAP,aastilllu@wix.com,4345863050,1981-08-18 00:00:00
788,Julius,Shilito,s4937og?,jshilitolv@opera.com,1188139083,2010-06-16 00:00:00
789,Shannah,Gummow,"m697y,gi6x",sgummowlw@netlog.com,9425787453,1991-05-19 00:00:00
790,Adrea,Brandts,l9443d'`uikggA,abrandtslx@npr.org,2092408668,1990-10-13 00:00:00
791,Agnesse,Freshwater,"s087*?d@"">DjVJT",afreshwaterly@paginegialle.it,5908419377,1979-11-28 00:00:00
792,Farra,Pickering,n810Lqsh3+`C+,fpickeringlz@tuttocitta.it,5505363797,1990-04-17 00:00:00
793,Taylor,Klaessen,k1601%DM|Cu&_5C,tklaessenm0@newyorker.com,1271600155,1974-02-24 00:00:00
794,Jessalin,Geggie,x107}r(qhJM|,jgeggiem1@freewebs.com,5173089097,1988-10-12 00:00:00
795,Joshua,Tailby,d153dL?yN,jtailbym2@seesaa.net,9266013538,2008-03-21 00:00:00
796,Celinda,Carloni,n293OT?u&'@Q6,ccarlonim3@china.com.cn,6587406981,1970-08-24 00:00:00
797,Gerhardine,Nutbean,"h240XR,<37O",gnutbeanm4@howstuffworks.com,9815479124,1972-01-06 00:00:00
798,Edlin,Tombleson,n279EQ93,etomblesonm5@thetimes.co.uk,6637387139,1983-12-20 00:00:00
799,Raffarty,Buglass,u314xcf|>Dk%g!h,rbuglassm6@about.me,2516790289,1977-03-10 00:00:00
800,Katrine,Flawith,s116k/iSA,kflawithm7@homestead.com,4503396620,1986-10-28 00:00:00
801,Pascal,Lotherington,h413&Xry?CM,plotheringtonm8@go.com,9911660129,1985-11-10 00:00:00
802,Malissa,Ravenscroftt,p102gM6Ufyrg=|,mravenscrofttm9@usnews.com,8119041994,1974-03-05 00:00:00
803,Nikaniki,Pont,e0734!B~#08,npontma@lulu.com,5004003119,2000-11-21 00:00:00
804,Chauncey,Dobrovolny,d0823J0/,cdobrovolnymb@discovery.com,1738327919,1980-10-28 00:00:00
805,Garfield,Ghidoli,n869>r}UBu{>,gghidolimc@wired.com,3531254255,1988-11-12 00:00:00
806,Colet,Depka,w544d~R+BM`U@TX,cdepkamd@columbia.edu,5614047649,1984-05-13 00:00:00
807,Gustav,O'Fairy,i297'4~ANH,gofairyme@google.it,9262807927,1984-11-20 00:00:00
808,Frederick,Mosedill,n573ZD@ov3J(,fmosedillmf@accuweather.com,8676533775,1984-03-16 00:00:00
809,Barrett,Scrivin,y4765bm5qgc)V.d,bscrivinmg@unc.edu,1621429691,1994-08-02 00:00:00
810,Gannon,Laverenz,"x741&""Gza",glaverenzmh@lycos.com,2103069345,1998-10-31 00:00:00
811,Matthew,Cellier,u325Zbf<w,mcelliermi@bloglovin.com,4724796025,1990-09-15 00:00:00
812,Say,Connaughton,z033#uQj,sconnaughtonmj@economist.com,7989851237,2007-01-13 00:00:00
813,Natassia,De Michetti,k336F4A*{#_J,ndemichettimk@github.com,2021019833,1996-06-20 00:00:00
814,Olag,Fullstone,u405<UsFlu`xz9r1,ofullstoneml@toplist.cz,9289687531,1979-10-01 00:00:00
815,Rorke,Perotti,w399?z+TAeVkB#,rperottimm@yellowbook.com,8792605570,1991-11-22 00:00:00
816,Livy,Brandenberg,e3440}=.\W,lbrandenbergmn@upenn.edu,1559551445,1971-12-15 00:00:00
817,Laurella,Barosch,o2416UZpP!,lbaroschmo@1und1.de,1298230783,2002-12-11 00:00:00
818,Blancha,Humes,"s323o,F4As5!",bhumesmp@jalbum.net,5032135769,1994-03-05 00:00:00
819,Ruby,Cracknall,p130*A'~,rcracknallmq@twitter.com,4188444244,2010-02-08 00:00:00
820,Charline,Cuschieri,"p901,j'h+w.n\s+E",ccuschierimr@symantec.com,6988336297,2006-08-25 00:00:00
821,Tailor,Ivanitsa,d060&9$vRrE,tivanitsams@feedburner.com,1114917640,2005-10-20 00:00:00
822,Agnesse,Gingle,s944m*+`ffc+O,aginglemt@mysql.com,7449401234,1996-11-03 00:00:00
823,Kevyn,Sanches,w790vq}h,ksanchesmu@myspace.com,5205694363,2002-05-27 00:00:00
824,Wendell,Cody,z2172yIFoik@,wcodymv@vinaora.com,7116097309,1978-02-19 00:00:00
825,Dasya,Rappoport,w630'2XG1gH?,drappoportmw@infoseek.co.jp,5992165915,1977-11-30 00:00:00
826,Rosabelle,Delagua,c101hKOPsv.F,rdelaguamx@acquirethisname.com,6724385601,1987-02-07 00:00:00
827,Aleece,Holdren,f000IE=&c,aholdrenmy@columbia.edu,9566537203,1991-04-10 00:00:00
828,Ellene,Kingaby,s045t3&<*lT}=t%,ekingabymz@wufoo.com,8801848947,1976-06-23 00:00:00
829,Willie,Kuban,a367e8iNhCnI,wkubann0@cargocollective.com,3559498066,2009-02-25 00:00:00
830,Rutherford,Siward,f052cO2C#NwwZrh,rsiwardn1@thetimes.co.uk,1957617097,2000-04-25 00:00:00
831,Caleb,Prosser,"y318N=x2>'iLS\,2",cprossern2@live.com,6727576718,1986-11-29 00:00:00
832,Amory,Ramos,m394tUGfz).,aramosn3@marketwatch.com,7298767977,1993-03-23 00:00:00
833,Gabriella,Hickeringill,t838|.HZhY0KD?`,ghickeringilln4@engadget.com,7862472354,1975-05-12 00:00:00
834,Charlean,Killshaw,l181PnD=2.Kjf,ckillshawn5@berkeley.edu,5944106727,2001-11-15 00:00:00
835,Zach,McGebenay,j8923}/e<,zmcgebenayn6@blinklist.com,6429794583,2010-05-03 00:00:00
836,Nico,Pearman,g252@>\+eIO_,npearmann7@cmu.edu,1256259031,1978-07-15 00:00:00
837,Jodie,Dunbar,p380w~BF8,jdunbarn8@toplist.cz,6126402449,2005-05-14 00:00:00
838,Quintina,Lippatt,v189o60zDFIK?,qlippattn9@google.ru,2663411498,1999-09-15 00:00:00
839,Khalil,Kordova,n165=jV|d4t/,kkordovana@senate.gov,1361815939,1982-11-22 00:00:00
840,Shep,Frazer,z85277sOL&i=r0,sfrazernb@netscape.com,7763873011,1992-01-08 00:00:00
841,Sharron,Hutcheons,"i106,0L`%e|({KZ",shutcheonsnc@miitbeian.gov.cn,4957879829,2009-03-11 00:00:00
842,Howie,Domnin,d271tI$2LPB>,hdomninnd@guardian.co.uk,6684570082,1989-12-12 00:00:00
843,Jinny,Highman,y349%h%tqIr0,jhighmanne@mediafire.com,7927648277,1991-11-09 00:00:00
844,Yancey,Viveash,c871$/rVHA,yviveashnf@si.edu,1361267872,1992-09-02 00:00:00
845,Noak,Pask,x611PkE?QMa&2O,npaskng@soundcloud.com,9446672863,1977-09-02 00:00:00
846,Angus,Crone,i005Q(uYX,acronenh@godaddy.com,9242522797,2001-11-16 00:00:00
847,Rodolphe,MacAirt,j7318H@sgUyC8,rmacairtni@dmoz.org,4191293750,1980-09-11 00:00:00
848,Irv,Ghirigori,"u648MNOMN,IuAV",ighirigorinj@salon.com,7292386192,1996-10-08 00:00:00
849,Tani,Leech,"c730M'.(#qEC,Cw",tleechnk@weebly.com,5259856960,1997-01-31 00:00:00
850,Hervey,Rudeforth,b955I=NjD4N$,hrudeforthnl@geocities.com,9507337509,1991-12-13 00:00:00
851,Kris,Edison,c811f2\?\7Xfx4n,kedisonnm@sohu.com,8777140638,1988-12-29 00:00:00
852,Lotte,Jenny,n625z2EN4LYU<,ljennynn@behance.net,3349666578,1975-02-08 00:00:00
853,Hernando,Shawyer,w919}*WN,hshawyerno@simplemachines.org,8211041167,2002-01-19 00:00:00
854,Grenville,Hambridge,j043&_G$mJ//FYt2,ghambridgenp@com.com,3946517721,2003-08-30 00:00:00
855,Fiorenze,Dalton,x761<}(HIqorfP,fdaltonnq@barnesandnoble.com,9101417058,1987-02-17 00:00:00
856,Arturo,Kynder,p019czND/f=(D?B,akyndernr@dropbox.com,5262953482,2005-04-16 00:00:00
857,Drake,Meni,f642iPvUL4!AnJu(,dmenins@baidu.com,7826731933,1978-10-11 00:00:00
858,Chico,Stennett,"p184mkmw""}",cstennettnt@homestead.com,5466936034,1976-12-02 00:00:00
859,Tuck,Leving,e1812w+!8kYMP,tlevingnu@dailymail.co.uk,1811785233,1976-03-10 00:00:00
860,Carita,Gopsill,p832+3h)FdIx_,cgopsillnv@fema.gov,8481550919,2008-03-19 00:00:00
861,Karrie,Lysaght,e346{XDw?G1,klysaghtnw@sfgate.com,1538913957,1995-12-02 00:00:00
862,Violante,Scoyne,c587>W}<Xg<y$m,vscoynenx@mediafire.com,4488015964,2009-11-19 00:00:00
863,Rozanne,Roizn,v047AEr98bs9eb,rroiznny@ezinearticles.com,1832630874,2010-04-17 00:00:00
864,Krisha,Hardiman,t866D}5KnX,khardimannz@rediff.com,4082313502,2005-02-18 00:00:00
865,Theresa,Filippone,"m274""NHCV@sxxY",tfilipponeo0@cloudflare.com,6957275671,1976-01-18 00:00:00
866,Ario,Paulley,"c255""uGuCyM7F7i",apaulleyo1@dedecms.com,4959047535,1985-12-22 00:00:00
867,Gnni,Stroban,g840s>##D_my%,gstrobano2@51.la,4321155981,1979-05-02 00:00:00
868,Elfie,Francesconi,u788OIImow~QFn,efrancesconio3@dedecms.com,5172959554,1977-08-09 00:00:00
869,Fraser,Baff,g685VLSKRqa,fbaffo4@scientificamerican.com,3104269890,1970-09-25 00:00:00
870,Myrilla,Schultz,v007{=4n.+m.g_D,mschultzo5@pcworld.com,1482025684,1977-03-02 00:00:00
871,Daphna,Studdard,s165j**nY%rn\?e,dstuddardo6@umn.edu,2793951859,1980-07-11 00:00:00
872,Alleen,Smalles,"w692@BA"".wT6TP_",asmalleso7@sun.com,2047138235,1992-06-11 00:00:00
873,Andrus,Praill,i694Yv~Lcf,apraillo8@godaddy.com,4822786846,1987-02-20 00:00:00
874,Hamilton,Sturzaker,r283c@6yM0~t,hsturzakero9@shutterfly.com,6709575915,1988-12-08 00:00:00
875,Arturo,Masdin,p2999+Inkwk$bS,amasdinoa@vistaprint.com,1076122054,1975-06-29 00:00:00
876,Drusie,Bellay,e00147lj$j,dbellayob@smh.com.au,8331447883,1998-03-22 00:00:00
877,Ernie,Sandall,j245L9E.AhI~,esandalloc@mac.com,3701305696,1994-10-28 00:00:00
878,Arin,Borzone,z067Bvv=Wdzv%_,aborzoneod@army.mil,2485731713,1980-04-23 00:00:00
879,Ossie,Quincey,u09645Fo5M(\,oquinceyoe@samsung.com,9291721279,1985-06-02 00:00:00
880,Shurlocke,Rickson,u9320HXXwPT\7r,sricksonof@weather.com,4408233957,2008-03-12 00:00:00
881,Inness,Stinson,d471unrrLU*a,istinsonog@cocolog-nifty.com,6323566778,1994-09-12 00:00:00
882,Chrystel,Baguley,r453(B*e5{,cbaguleyoh@harvard.edu,6513341808,2010-01-24 00:00:00
883,Adore,Bourdis,y6533\BR/r<,abourdisoi@imgur.com,5537061594,1971-03-10 00:00:00
884,Farrah,Dorsey,k068%Bf*XY,fdorseyoj@mozilla.com,8144345411,1972-12-31 00:00:00
885,Reese,Klaessen,z601_/6>N3t3~\c,rklaessenok@cbsnews.com,7218837819,1976-06-27 00:00:00
886,Genevra,Leith-Harvey,"q0034p""4",gleithharveyol@usgs.gov,3693676296,1982-12-12 00:00:00
887,Hastings,MacCrossan,v639BW=IZ`h,hmaccrossanom@nationalgeographic.com,2959104307,1972-12-03 00:00:00
888,Codie,Grent,z279y}zsq,cgrenton@army.mil,6148631546,1976-04-27 00:00:00
889,Torrie,Sparkwill,r961twe*c9P,tsparkwilloo@mapquest.com,3254706093,1996-01-26 00:00:00
890,Amalia,Sodor,a319%63fw,asodorop@geocities.jp,2204566072,1998-12-25 00:00:00
891,Deane,Smaling,x663>4MHeB#%,dsmalingoq@dion.ne.jp,8181228380,2010-03-06 00:00:00
892,Worthington,Caven,"m973T>JaTw""XeR$\",wcavenor@reddit.com,2078725567,1998-08-18 00:00:00
893,Culley,Hollingsbee,p902uAmBg2eB2,chollingsbeeos@xing.com,9419510415,1985-12-27 00:00:00
894,Tracy,Verrechia,i489IcrwhKW'{@B0,tverrechiaot@ning.com,4926516611,1975-03-02 00:00:00
895,Alejoa,Mitham,"z070bcR,f+\SRbI",amithamou@photobucket.com,8632067185,1987-02-16 00:00:00
896,Vernon,Cabane,"u537&M""q!LBGh",vcabaneov@wsj.com,8766034950,1982-12-24 00:00:00
897,Haze,Dendon,m503R>7g<{,hdendonow@techcrunch.com,7039114316,1970-12-05 00:00:00
898,Amelie,Drinnan,l483k3vJ}=,adrinnanox@ehow.com,8814486217,1977-02-14 00:00:00
899,Juliette,Barnham,e3423?{j,jbarnhamoy@twitpic.com,9646236539,1970-02-16 00:00:00
900,Filia,Chill,s359'mq+{2,fchilloz@liveinternet.ru,6879754259,2004-03-14 00:00:00
901,Shell,Carles,n185uuFCR}Grb,scarlesp0@mapy.cz,3424825289,2008-01-14 00:00:00
902,Tod,Di Ruggero,k046R1<lp,tdiruggerop1@businesswire.com,9687609056,1975-04-04 00:00:00
903,Roanne,Kears,f559zTN0$l(,rkearsp2@mac.com,1013821562,1984-12-09 00:00:00
904,Ali,Laterza,"r302""|Opkd",alaterzap3@amazon.com,6314021158,1974-03-25 00:00:00
905,Sonnie,Dixsee,c540d<KYm,sdixseep4@canalblog.com,6269188753,1976-01-11 00:00:00
906,Lottie,Quinane,q839Bzys/)(cxdz`,lquinanep5@yahoo.co.jp,8939853389,1993-08-13 00:00:00
907,Smitty,Elles,w3689'>.szZ<@3,sellesp6@tuttocitta.it,6505375250,1971-06-07 00:00:00
908,Patience,Broske,n7541<Ujo,pbroskep7@utexas.edu,8234862873,1977-04-26 00:00:00
909,Teddie,Alven,"x905\oE6T,HNd08e",talvenp8@timesonline.co.uk,3044912116,1974-10-21 00:00:00
910,Gayleen,Gyngyll,z032jV<a+|$uZ>|,ggyngyllp9@nih.gov,1218209876,1985-12-10 00:00:00
911,Basil,Aldgate,v2650REK(m7,baldgatepa@guardian.co.uk,4185053590,2009-02-18 00:00:00
912,Yehudit,Januszewski,x857GnjG,yjanuszewskipb@spotify.com,9645365659,2007-11-19 00:00:00
913,Berta,Chasmor,v531Lypu,bchasmorpc@nydailynews.com,3865923555,1980-08-15 00:00:00
914,Roderich,Astill,b489PQIBVv(,rastillpd@mapquest.com,4259374213,1995-06-17 00:00:00
915,Ewen,Wemes,d870KI~~8<n,ewemespe@goo.gl,9747197007,1980-08-16 00:00:00
916,Tanitansy,Wann,"m625'Rk""\",twannpf@china.com.cn,4051923087,2008-09-23 00:00:00
917,Janot,Groarty,z0810W'8HO'<&OW,jgroartypg@webnode.com,3522586198,1984-12-14 00:00:00
918,Odella,Scurry,t616<Lwo`,oscurryph@dot.gov,2015640706,1994-09-20 00:00:00
919,Zane,Milton,i233%SE+6I2+t_,zmiltonpi@cmu.edu,6744553225,1977-03-09 00:00:00
920,Jeniffer,Sothern,y321&B$f,jsothernpj@amazon.co.uk,8917636468,2005-10-23 00:00:00
921,Ivett,Kort,"l109PV/+{@8Z&~M""",ikortpk@independent.co.uk,6885078844,1997-11-07 00:00:00
922,Sheila-kathryn,Sandyfirth,k268Zxm{,ssandyfirthpl@devhub.com,1207491533,1989-08-17 00:00:00
923,Thaddeus,Neaverson,s932)ygC,tneaversonpm@tamu.edu,2341114838,2007-06-25 00:00:00
924,Aloysia,Meindl,m960i*bf(Cq.{,ameindlpn@geocities.jp,9312892629,1990-12-06 00:00:00
925,Rhodie,Devennie,d771w\lx+j+>X?,rdevenniepo@histats.com,5665962358,2001-04-07 00:00:00
926,Dex,Koche,l361#.2R)\5&7CW,dkochepp@umn.edu,9148022563,1986-04-24 00:00:00
927,Kerwinn,Schwerin,s551_t3N_ApL$T64,kschwerinpq@rakuten.co.jp,7267090174,1981-02-26 00:00:00
928,Glennie,Sahnow,d152|9tn~B,gsahnowpr@webnode.com,3994365337,2008-11-10 00:00:00
929,Malinde,Brosenius,x808EPrEphw,mbroseniusps@xing.com,3442434072,2008-05-05 00:00:00
930,Nichol,Stenyng,q394/yl7lIx',nstenyngpt@google.pl,2503022806,1986-10-28 00:00:00
931,Ethelind,MacCole,"d805%q(boGghK""Fl",emaccolepu@auda.org.au,8184129777,2007-06-28 00:00:00
932,Devonne,Heaney,"h997AJp5J,tF",dheaneypv@cpanel.net,6695391520,1983-09-29 00:00:00
933,Magdalene,Burdfield,k060$0.}jgC5H,mburdfieldpw@google.pl,7284599184,1995-02-15 00:00:00
934,Egon,Woollhead,a853u3&X2+,ewoollheadpx@opera.com,8833169868,1975-11-02 00:00:00
935,Gilbert,Crotty,"e123{0D>WC+'F\,",gcrottypy@nytimes.com,1062379527,1974-05-19 00:00:00
936,Micheal,Burgane,z9599OY@,mburganepz@archive.org,6748231975,1992-11-18 00:00:00
937,Leta,Tabner,d659}+~q5,ltabnerq0@answers.com,4658281743,1999-12-25 00:00:00
938,Boniface,Iglesia,b1740(&z3O,biglesiaq1@yandex.ru,6927657791,2009-10-16 00:00:00
939,Davie,Roskilly,d565.E|oL,droskillyq2@reference.com,8833466220,2002-09-27 00:00:00
940,Malory,Weed,z4132u~z<iq,mweedq3@ustream.tv,8606552980,2005-04-03 00:00:00
941,La verne,Drinnan,u184c0Y<#a,ldrinnanq4@hc360.com,4341758977,1983-08-20 00:00:00
942,Hakeem,Lethbridge,a130b_by,hlethbridgeq5@hp.com,5068177350,2000-06-13 00:00:00
943,Heall,Blackburn,m762wCR{b$nf2,hblackburnq6@netscape.com,5809164108,2007-01-05 00:00:00
944,Clayborne,Grundon,"g729%{M_""vDX5",cgrundonq7@engadget.com,9428465969,1994-01-29 00:00:00
945,Arabel,Dolden,"o681,AV1z('.ze",adoldenq8@ehow.com,7377197306,2007-02-09 00:00:00
946,Angus,Pennuzzi,c515\|k6LjN3,apennuzziq9@spiegel.de,6799226213,1977-07-17 00:00:00
947,Monty,Dabling,o049U7t.R2V6,mdablingqa@prlog.org,7878355079,2003-06-02 00:00:00
948,Ashly,Lowdes,r7707F>T?OX16,alowdesqb@adobe.com,2038371791,2005-11-30 00:00:00
949,Kane,Dallinder,p617Z\l#uCd,kdallinderqc@sphinn.com,5235405453,1974-02-22 00:00:00
950,Geoffrey,O'Devey,j639`J2F#z,godeveyqd@latimes.com,7146894682,2008-01-06 00:00:00
951,Martynne,Gartell,l332Htg<uy*+t,mgartellqe@sun.com,8842110903,1985-04-01 00:00:00
952,Vonnie,Durand,g767iS2!,vdurandqf@mail.ru,6457993291,1985-10-29 00:00:00
953,Gawain,Corah,w792\6l{z0,gcorahqg@prlog.org,3923628073,1980-08-28 00:00:00
954,Geri,Cowcha,q542\DB&*Y,gcowchaqh@twitpic.com,2037287879,1999-10-28 00:00:00
955,Ashlan,Dreghorn,l896AHMR,adreghornqi@biglobe.ne.jp,5465239106,1971-12-14 00:00:00
956,Richie,O'Loughlin,n286S|N6NL#,roloughlinqj@cmu.edu,9616087283,1979-01-18 00:00:00
957,Asher,Stratz,x674>Dy_a,astratzqk@hatena.ne.jp,2304795172,1975-02-10 00:00:00
958,Torre,Dabrowski,l103Q1g8t,tdabrowskiql@ustream.tv,1455095238,1993-10-22 00:00:00
959,Filide,Kearton,"m418X),o6$",fkeartonqm@wunderground.com,9442828186,1983-06-14 00:00:00
960,Elke,Bendik,q918RE.KfX},ebendikqn@dmoz.org,2469263337,2001-07-23 00:00:00
961,Joshia,Cathcart,"f7111""eFvmIi,iXZ",jcathcartqo@youtu.be,3054200221,1999-08-31 00:00:00
962,Blythe,Macrow,l925n3yC',bmacrowqp@washington.edu,6377478390,1987-10-19 00:00:00
963,Fonzie,Grigoryev,t527E2d`,fgrigoryevqq@hibu.com,2413772479,1989-04-29 00:00:00
964,Kermie,Cogdon,m057oU>sBO,kcogdonqr@army.mil,2838843381,1982-12-30 00:00:00
965,Jasen,Mallindine,e192=3#C>O%tnJ,jmallindineqs@zimbio.com,6935819760,1981-03-23 00:00:00
966,Billi,Loughlan,h789t5h+`t'#,bloughlanqt@cdbaby.com,5768442464,1984-04-07 00:00:00
967,Liuka,Cronkshaw,y846hLwIW9.U<|0,lcronkshawqu@godaddy.com,7678591109,1983-05-30 00:00:00
968,Ricki,Beany,o274yld!SA/r,rbeanyqv@privacy.gov.au,2146526231,1979-09-15 00:00:00
969,Berkley,Dies,d578Zu9q,bdiesqw@google.it,7741891324,2006-07-26 00:00:00
970,Dani,Eyes,"g573S+,x{K>",deyesqx@ucoz.ru,5846925644,1999-11-06 00:00:00
971,Mela,Whitton,j677`M@/h8,mwhittonqy@forbes.com,1946715010,1986-03-08 00:00:00
972,Pail,Rollinson,"b921Jb)""T0i'GE",prollinsonqz@google.co.jp,1989399889,1995-03-25 00:00:00
973,Renate,Girardetti,w826l.*Hj,rgirardettir0@huffingtonpost.com,4386559568,1988-02-18 00:00:00
974,Shena,Hubbart,i092gJ<!gy0vg'K_,shubbartr1@webeden.co.uk,6179912613,1985-11-30 00:00:00
975,Consuela,Mibourne,n523#PE>.+J,cmibourner2@oaic.gov.au,9112159051,1975-04-06 00:00:00
976,Lida,Andrez,"b586RmR65Y""$x@A%",landrezr3@thetimes.co.uk,8727836184,1976-02-16 00:00:00
977,Winn,Hugonet,v295J'jbce/rN,whugonetr4@cargocollective.com,1062255121,1979-05-15 00:00:00
978,Brody,Poure,a847LP0re\,bpourer5@mapquest.com,2272789684,1986-03-04 00:00:00
979,Nicolais,Drinkwater,q307fzxLIO,ndrinkwaterr6@scientificamerican.com,4359834614,1984-07-12 00:00:00
980,Hyacinthe,Blewis,y034izJiqjDAL3,hblewisr7@eventbrite.com,8616607947,2007-03-23 00:00:00
981,Emelita,Saltmarsh,"i334a>|h""NRrsdX,",esaltmarshr8@usda.gov,2168124976,1999-08-30 00:00:00
982,Chloette,Nichol,o462IFJTw>ggLyM,cnicholr9@dion.ne.jp,2789449084,1988-11-29 00:00:00
983,Wallis,O'Sheeryne,"v214""87+jEA",wosheerynera@paypal.com,3324610908,2006-12-30 00:00:00
984,Kamila,Isham,"l434<%S|W$<""H",kishamrb@51.la,8153083930,1976-06-25 00:00:00
985,Mehetabel,Broomer,u415ALP@CS6><,mbroomerrc@guardian.co.uk,8514314213,1993-04-06 00:00:00
986,Dex,Cotman,c700'\`ybU,dcotmanrd@stumbleupon.com,5586199453,1972-11-07 00:00:00
987,Hannie,Ackrill,u871vh<&dd$&~5#,hackrillre@digg.com,9759657269,1998-07-30 00:00:00
988,Maryanna,Jack,k3679Mk(E`2$,mjackrf@sfgate.com,7337865307,1992-04-29 00:00:00
989,Feliks,Simonin,f223daW!>,fsimoninrg@drupal.org,9612224733,1975-09-17 00:00:00
990,Ki,D'Agostini,h249dSqwm`Mt,kdagostinirh@ifeng.com,3652670579,1993-04-17 00:00:00
991,Dick,Faveryear,"b670J>7MG@3"",x",dfaveryearri@bloglines.com,4254320665,1980-06-02 00:00:00
992,Ally,Starmer,x903vV*m%vN3lR2,astarmerrj@elpais.com,1921833985,1975-06-05 00:00:00
993,Doroteya,Garm,m921i6UXf6@'#v/,dgarmrk@answers.com,2563499024,1979-06-01 00:00:00
994,Henrietta,Gyves,o247Ztb{_)!r,hgyvesrl@xing.com,7054444149,2006-09-21 00:00:00
995,Martguerita,Ebsworth,i384$2>+{oMaEss),mebsworthrm@jugem.jp,6533177860,1992-08-05 00:00:00
996,Ray,Conyer,p191|.<|,rconyerrn@bluehost.com,6153079288,1994-02-18 00:00:00
997,Lori,Milkeham,d312BmN=d,lmilkehamro@nytimes.com,7718418908,1999-05-27 00:00:00
998,Minda,Shemming,n558WyJ{h,mshemmingrp@feedburner.com,7034330951,1996-06-08 00:00:00
999,Corrie,Lachaize,p278bDJ(',clachaizerq@irs.gov,3049975675,2001-07-17 00:00:00
1000,Renae,Reichelt,g479kKAcQ}.\qv4,rreicheltrr@delicious.com,9522731896,1993-11-11 00:00:00
